"wl","sturt_leaf","sturt_nectar","sturt_dryefn","aus_leaf","aus_nectar1","aus_dryefn1","aus_leaf2","aus_dryefn2","aus_nectar2"
300,137.94559806859,81.8578686878153,82.775628310452,-34.9034416059865,-34.6213378652698,-26.926503089878,-30.3814995630447,-16.4192343541776,-59.0390719553454
301,137.05875240567,81.7421691456667,82.4409434504777,-34.6984769387466,-34.4768487348134,-26.9585641762221,-30.3500409089894,-16.3154709295765,-58.326876800006
302,136.224553402141,81.6483071385016,82.1389365853874,-34.5006542951404,-34.3410453057986,-26.9848587086354,-30.3180758398145,-16.2119363362353,-57.646406898456
303,135.443948899448,81.5766237976433,81.8700726170005,-34.3092052910796,-34.2139923055361,-27.0049367544137,-30.2854141092405,-16.1088608078216,-56.9981336557332
304,134.717886739039,81.5274602544154,81.6348164471365,-34.123361542476,-34.0957544613366,-27.0183483808532,-30.2518654709879,-16.006474578003,-56.3825284768755
305,134.047314762358,81.5011576401414,81.433632977615,-33.9423546652411,-33.9863965005106,-27.0246436552499,-30.2172396787772,-15.905007880447,-55.8000627669207
306,133.433180810852,81.4980570861446,81.2669871102554,-33.7654162752867,-33.8859831503688,-27.0233726448998,-30.1813464863289,-15.804690948821,-55.2512079309065
307,132.875690718364,81.5179519563601,81.1349849556296,-33.5908765348494,-33.7936278934256,-27.0134627629119,-30.1430582339592,-15.7044250183262,-54.7348148113168
308,132.372912213951,81.5599250599741,81.0366619739428,-33.4192251958743,-33.7085969503951,-26.9951778450664,-30.1020539357303,-15.6030696631087,-54.2492263295047
309,131.922585981879,81.6232516961874,80.9708770914653,-33.2529332588362,-33.6311841558872,-26.970072592666,-30.0593533559816,-15.5007926252536,-53.7941520088116
310,131.522452706417,81.7072071642007,80.9364892344669,-33.0944717242098,-33.5616833445119,-26.9397017070134,-30.0159762590524,-15.3977616468459,-53.3693013725791
311,131.170253071832,81.8110667632146,80.9323573292178,-32.9463115924699,-33.5003883508792,-26.9056198894114,-29.9729424092822,-15.2941444699709,-52.9743839441488
312,130.86372776239,81.93410579243,80.9573403019879,-32.8109238640911,-33.4475930095991,-26.8693818411627,-29.9312715710104,-15.1901088367134,-52.6091092468623
313,130.614887530617,82.0756244286483,81.0192778406009,-32.6808147123445,-33.4066561521518,-26.8301311601366,-29.8896188417226,-15.0947062336666,-52.2883107285749
314,130.432853309664,82.236199878126,81.1238394945778,-32.5501009700228,-33.3794960156288,-26.7861629299136,-29.8465013413858,-15.0129358880255,-52.0206167649366
315,130.311031054736,82.417022984246,81.2666289827351,-32.4236696268838,-33.3642455430567,-26.7377590803632,-29.8027318680613,-14.9388871527782,-51.7964292709804
316,130.242826721039,82.6192845903912,81.4432500238894,-32.3064076726852,-33.3590376774623,-26.6852015413549,-29.7591232198106,-14.8666493809129,-51.6061501617392
317,130.221646263777,82.8441755399443,81.649306336857,-32.2032020971848,-33.3620053618721,-26.628772242758,-29.716488194695,-14.7903119254177,-51.4401813522461
318,130.240895638157,83.0928866762883,81.8804016404544,-32.1189398901401,-33.3712815393128,-26.5687531144419,-29.6756395907761,-14.7039641392808,-51.2889247575341
319,130.293980799385,83.3666088428061,82.1321396534982,-32.0585080413091,-33.384999152811,-26.5054260862762,-29.6373902061152,-14.6016953754904,-51.1427822926362
320,130.459011401021,83.6963891484267,82.4535385837416,-32.0540171428789,-33.4418088039223,-26.4453796414845,-29.632543874913,-14.4929795986646,-51.0291536667533
321,130.77412029398,84.0941748518963,82.8682817212854,-32.1130904711545,-33.5586965144534,-26.3903997590246,-29.6728229461525,-14.3859821972974,-50.966918925481
322,131.172748229496,84.532507021323,83.3339704084673,-32.2038840420695,-33.7012983578076,-26.3335646123666,-29.7304179900683,-14.2728296601901,-50.9337004884448
323,131.588335958802,84.9839267248151,83.8082059876248,-32.294553871558,-33.8352504073881,-26.2679523749806,-29.7775195768954,-14.1456484761443,-50.90712077527
324,131.954324233132,85.4209750304808,84.2485898010956,-32.3532559755536,-33.9261887365982,-26.1866412203368,-29.7863182768684,-13.9965651339612,-50.8648022055821
325,132.20415380372,85.8161930064284,84.6127231912173,-32.3481463699904,-33.9397494188411,-26.0827093219053,-29.729004660222,-13.8177061224425,-50.7843671990064
326,132.478116958008,86.2367673928187,84.9902333012473,-32.3110722364357,-33.8928739280372,-25.9618504674566,-29.6168440625356,-13.5947620609036,-50.6996624601074
327,132.903689556568,86.7391704448053,85.4634290581434,-32.2883646495381,-33.8253921910232,-25.8341478170941,-29.4811492566512,-13.32901695578,-50.6488056943359
328,133.395087710323,87.279871502986,85.9789344797943,-32.2699054648535,-33.7372729605772,-25.6992636027872,-29.3241819686984,-13.035987376553,-50.6158258226471
329,133.866527530199,87.8153399079584,86.4833735840885,-32.2455765379373,-33.6284849894773,-25.5568600565056,-29.1482039248063,-12.7311898927039,-50.5847517659964
330,134.23222512712,88.3020450003202,86.9233703889145,-32.2052597243454,-33.4989970305013,-25.4065994102185,-28.9554768511043,-12.4301410737137,-50.5396124453389
331,134.40639661201,88.6964561206691,87.2455489121609,-32.1388368796334,-33.3487778364275,-25.2481438958955,-28.7482624737217,-12.1483574890637,-50.4644367816299
332,134.303258095793,88.9550426096027,87.3965331717163,-32.0361898593568,-33.1777961600336,-25.0811557455061,-28.5288225187878,-11.9013557082351,-50.3432536958246
333,134.040074698754,89.1819879240676,87.4487863465949,-31.9070764126593,-32.9842983712775,-24.9006602783549,-28.2829886957184,-11.6645593408534,-50.2062727607269
334,133.757725589174,89.4685720805134,87.4886278346966,-31.7650105284743,-32.7682564313365,-24.7043032028907,-28.0026849664266,-11.4113452028783,-50.0817483181255
335,133.405847949967,89.7519092587923,87.4834659822384,-31.6055084220426,-32.532227479818,-24.4956773347989,-27.6993114357874,-11.1541596732918,-49.950776442453
336,132.934078964051,89.9691136387566,87.400709135437,-31.4240863086048,-32.2787686563296,-24.2783754897651,-27.3842682086761,-10.9054491310761,-49.7944532081416
337,132.292055814342,90.0572994002588,87.2077656405093,-31.2162604034018,-32.0104371004788,-24.0559904834746,-27.0689553899678,-10.6776599552134,-49.5938746896237
338,131.429415683756,89.9535807231511,86.8720438436722,-30.9775469216742,-31.7297899518731,-23.8321151316129,-26.7647730845377,-10.4832385246857,-49.3301369613318
339,130.308801461657,89.6754344580905,86.3778497108938,-30.6729845942525,-31.4075238147951,-23.6015450321648,-26.4253396523446,-10.3011613002134,-48.9941835865668
340,128.959052174443,89.2865615955801,85.748427991427,-30.2912020821134,-31.0262762839788,-23.3578829456108,-26.0183267323648,-10.1093155810538,-48.5985269679052
341,127.429099210586,88.7934125252414,85.0095952064161,-29.8631004957172,-30.6065159847091,-23.1029324313799,-25.5762143480001,-9.91851400399478,-48.1566164386928
342,125.767873958558,88.2024376366961,84.1871678770052,-29.4195809455243,-30.1687115422711,-22.8384970489011,-25.1314825226521,-9.73956920582419,-47.6819013322752
343,124.02430780683,87.5200873195657,83.3069625243386,-28.9915445419949,-29.7333315819498,-22.5663803576033,-24.7166112797224,-9.58329382332983,-47.1878309819982
344,122.247332143876,86.7528119634719,82.3947956695604,-28.6098923955893,-29.3208447290302,-22.2883859169157,-24.3640806426127,-9.46050049329953,-46.6878547212075
345,120.327490889223,85.8365954584858,81.3819142168434,-28.2869989438283,-28.9529096785157,-22.0257320162699,-24.1066393989656,-9.41162341422532,-46.1921067084616
346,118.173508261462,84.7401710244303,80.2150851302542,-28.001280456441,-28.6230788638123,-21.7878240470728,-23.9303569069684,-9.446130686625,-45.6954801480813
347,115.861586097656,83.5191130455547,78.9434050207778,-27.7327007922005,-28.3096615178084,-21.558746221716,-23.7976940458399,-9.52838580032503,-45.1885629420548
348,113.467926234869,82.2289959061081,77.615970499399,-27.46122380988,-27.9909668733928,-21.322582752591,-23.6711116947987,-9.62275224515188,-44.6619429923709
349,111.068730510164,80.9253939903397,76.2818781771028,-27.1668133682524,-27.645304163454,-21.0634178520894,-23.5130707330635,-9.69359351093204,-44.1062082010179
350,108.740200760604,79.6638816824985,74.990224664874,-26.829433326091,-27.2509826208808,-20.7653357326027,-23.2860320398532,-9.70527308749195,-43.5119464699844
351,106.386571791055,78.3726327878496,73.6836175968157,-26.4451860250566,-26.7906973626139,-20.4116122330912,-23.0046072464083,-9.67070467631137,-42.8666963644527
352,103.892570190079,76.9661879431446,72.2904780942912,-26.0273985528361,-26.272669486399,-20.0061776650022,-22.7073354032495,-9.62625133448132,-42.169296768343
353,101.305135470285,75.4796717798636,70.838622999176,-25.5818718872413,-25.7134971963322,-19.5640979494577,-22.3925685185151,-9.57145058524529,-41.4272860617508
354,98.6712071442826,73.9482089294865,69.3558691533456,-25.1144070060841,-25.1297786965094,-19.1004390075796,-22.0586586003437,-9.50583995184672,-40.6482026247716
355,96.0377247246815,72.4069240234932,67.8700333986754,-24.6308048871764,-24.5381121910266,-18.6302667604899,-21.7039576568736,-9.42895695752908,-39.8395848375011
356,93.4516277240908,70.8909416933636,66.4089325770408,-24.1368665083301,-23.9550958839799,-18.1686471293107,-21.3268176962433,-9.34033912553583,-39.0089710800346
357,90.9598556551198,69.4353865705777,65.0003835303174,-23.638392847357,-23.3973279794652,-17.7306460351639,-20.9255907265912,-9.23952397911043,-38.1638997324677
358,88.4840184206232,67.9981857401556,63.6094693869017,-23.1460200928827,-22.8689101349819,-17.3081752744152,-20.5042937133157,-9.14269575001058,-37.2899871174734
359,85.9412480573537,66.5241195289304,62.1908582377962,-22.6618483527888,-22.3572810987513,-16.884910081726,-20.0694355754589,-9.05933205334708,-36.3775783742004
360,83.3717672787673,65.0285924311013,60.7567443687849,-22.1788744837712,-21.8540447109519,-16.4635615356617,-19.6231062516241,-8.97891048739304,-35.4413051074579
361,80.8157987983202,63.5270089408673,59.319322065652,-21.6900953425257,-21.3508048117625,-16.0468407147876,-19.1673956804152,-8.89090865042158,-34.4957989220551
362,78.3135653294684,62.0347735524277,57.8907856141816,-21.1885077857483,-20.8391652413618,-15.6374586976692,-18.7043938004357,-8.7848041407058,-33.5556914228011
363,75.9052895856681,60.5672907599814,56.4833293001576,-20.6671086701347,-20.3107298399285,-15.2381265628717,-18.2361905502893,-8.65007455651881,-32.6356142145053
364,73.5751633241342,59.1209633964496,55.0879587564357,-20.0961928614177,-19.7635274988223,-14.8454423467201,-17.7356794274184,-8.47592240115697,-31.693058155078
365,71.2805280813314,57.6818938744349,53.6915301479429,-19.4676197056975,-19.2034897773182,-14.4534855039075,-17.1877562635694,-8.26661117954691,-30.6938223425616
366,69.0213312395909,56.250036057659,52.3000135585703,-18.8067327802214,-18.6340745174674,-14.0611892405517,-16.6125144988014,-8.03420999240715,-29.6650007419629
367,66.7975201812438,54.8253438098434,50.9193790722091,-18.138875662237,-18.0587395613213,-13.6674867627704,-16.0300475731735,-7.79078794045622,-28.6336873182888
368,64.6090422886212,53.40777099471,49.5555967727505,-17.4893919289917,-17.4809427509313,-13.2713112766814,-15.4604489267448,-7.54841412441265,-27.626976036546
369,62.4558449440542,51.9972714759802,48.2146367440856,-16.8836251577328,-16.9041419283487,-12.8715959884024,-14.9238119995744,-7.31915764499495,-26.6719608617415
370,60.3489792733982,50.5768491781088,46.8934473960647,-16.3109944588367,-16.3176344959799,-12.4779304773009,-14.409380026055,-7.08506297192981,-25.7495994745768
371,58.2921090791065,49.1376565218906,45.5834225423318,-15.7444659790235,-15.7143755866389,-12.0968249780217,-13.8946448826267,-6.82808074746601,-24.827110088698
372,56.2741007584077,47.6918701155581,44.2822003724689,-15.1847038500558,-15.1033096379886,-11.7225936795993,-13.3820729724203,-6.56013933110515,-23.9109774685284
373,54.2838207085303,46.2516665673438,42.9874190760581,-14.6323722036964,-14.493381087692,-11.3495507710678,-12.8741306985664,-6.29316708234887,-23.0076863784917
374,52.3101353267026,44.82922248548,41.6967168426816,-14.088135171708,-13.8935343734118,-10.9720104414614,-12.3732844641958,-6.03909236069881,-22.1237215830113
375,50.3419110101532,43.4367144781992,40.4077318619213,-13.5526568858535,-13.312713932811,-10.5842868798146,-11.8820006724391,-5.80984352565657,-21.2655678465107
376,48.3670320892007,42.0714273938189,39.1190027523952,-13.0284531615154,-12.7351051922797,-10.1806113857133,-11.3973108796108,-5.60096573449287,-20.4383792731297
377,46.3895835110772,40.7211420662866,37.8323514795348,-12.5154586481668,-12.1442015187207,-9.76252711637568,-10.9150150529172,-5.39864820845983,-19.6386719243591
378,44.4227325983807,39.3837790822798,36.5503412531423,-12.0104657287056,-11.5479092605658,-9.3353160472835,-10.4357322118262,-5.20078540303128,-18.8599735006491
379,42.4796466737094,38.0572590284762,35.2755352830198,-11.5102667860299,-10.9541347662469,-8.9042601539187,-9.96008137580605,-5.00527177368102,-18.0958117024501
380,40.5734930596616,36.7395024915532,34.0104967789694,-11.0116542030376,-10.3707843841958,-8.47464141176317,-9.48868156432475,-4.81000177588286,-17.3397142302123
381,38.7174390788353,35.4284300581884,32.7577889507934,-10.5114203626266,-9.80576446284443,-8.0517417962988,-9.0221517968504,-4.61286986511061,-16.5852087843859
382,36.9246520538287,34.1219623150593,31.5199750082938,-10.0063576476951,-9.26698135062454,-7.64084328300749,-8.56111109285108,-4.41177049683808,-15.8258230654212
383,35.1588986727419,32.7994472222729,30.2752356228998,-9.49629023532998,-8.75580170376858,-7.23092957217313,-8.10883002760221,-4.21989165305722,-15.0566761630514
384,33.391759022202,31.454916648883,29.0124013130421,-8.98508726861787,-8.26519308661745,-6.81243874936016,-7.66624512424882,-4.04563421655188,-14.2828024126282
385,31.6481205225978,30.1083170449879,27.750010059026,-8.47560857945606,-7.79046320976577,-6.39283436797125,-7.23047432406348,-3.8797119939837,-13.5126023830299
386,29.9528705943181,28.7795948606857,26.5065998411566,-7.97071399974186,-7.32691978380816,-5.97957998140908,-6.79863556831871,-3.71283879201431,-12.7544766431346
387,28.3308966577518,27.4886965460744,25.3007086397389,-7.47326336137258,-6.86987051933926,-5.58013914307632,-6.36784679828707,-3.53572841730535,-12.0168257618206
388,26.8070861332878,26.2555685512524,24.1508744350781,-6.98611649624552,-6.41462312695369,-5.20197540637566,-5.93522595524109,-3.33909467651847,-11.3080503079662
389,25.3432808959356,25.03178979118,23.0106405791336,-6.49653123968674,-5.9561085371046,-4.83904309865126,-5.49852712211815,-3.11551764774661,-10.6180230344512
390,23.8988368964167,23.7772188216823,21.841473313291,-5.99621656979484,-5.49672435536618,-4.48192682981481,-5.0600334070294,-2.87063225185763,-9.93455646911762
391,22.4949126686876,22.5242215541538,20.6737949519946,-5.49470903262601,-5.04297830501464,-4.13303557712028,-4.62365628900814,-2.61473455967558,-9.26296084328701
392,21.1526667467052,21.3051638999891,19.5380278096887,-5.0015451742364,-4.60137810932619,-3.79477831782162,-4.19330724708763,-2.3581206420245,-8.60854638828086
393,19.893257664426,20.1524117705826,18.4645942008175,-4.52626154068219,-4.17843149157704,-3.46956402917279,-3.77289776030115,-2.11108656972844,-7.97662333542068
394,18.7378439558067,19.0983310773291,17.4839164398254,-4.07839467801955,-3.7806461750434,-3.15980168842776,-3.36633930768196,-1.88392841361144,-7.37250191602795
395,17.701322998015,18.1269298991186,16.5882110449648,-3.64928576824084,-3.39948215698992,-2.86002627724441,-2.96055783814474,-1.65975694327123,-6.79273381445178
396,16.770959400362,17.2013507427934,15.7466573260029,-3.22618618850511,-3.02477098496327,-2.56537583518094,-2.54579158208727,-1.42128730509156,-6.23069647653063
397,15.9264625450193,16.3226611616762,14.9551217846562,-2.81249777761854,-2.66057770766275,-2.27916392634181,-2.13092044076747,-1.17822213507551,-5.68693877582004
398,15.1475418141583,15.4919287090896,14.209470922641,-2.41162237438737,-2.31096737378764,-2.00470411483148,-1.72482431544328,-0.94026406922615,-5.16200958587555
399,14.4139065899508,14.7102209383565,13.5055712416739,-2.02696181761778,-1.98000503203721,-1.7453099647544,-1.33638310737261,-0.717115743546567,-4.65645778025271
400,13.7052662545681,13.9786054027995,12.8392892434713,-1.66191794611599,-1.67175573111077,-1.50429504021501,-0.974476717813397,-0.518479794039836,-4.17083223250706
401,13.0488261299179,13.3124808661325,12.2211607388733,-1.32071697203305,-1.39195988821527,-1.28565846696007,-0.639070694496925,-0.345787036239619,-3.71293808552637
402,12.475868596348,12.7184412844161,11.659587205031,-1.00269982804337,-1.14027856366341,-1.08863815201091,-0.322529996480188,-0.191360518630198,-3.28642090900998
403,11.9722186236904,12.1843469994938,11.1472336431269,-0.703940433738221,-0.911657770813042,-0.90940583138387,-0.0223336420096535,-0.0512412266405858,-2.88559021673072
404,11.5237011817773,11.6980583532089,10.6767650543438,-0.420512708708839,-0.701043523022005,-0.744133241095298,0.26403935066821,0.0785298543002078,-2.50475552246145
405,11.1161412404407,11.2474356874047,10.2408464398643,-0.148490572546478,-0.503381833648147,-0.588992117161538,0.539109963306935,0.201911738763172,-2.13822633997503
406,10.7353637695127,10.8203393439244,9.83214280087096,0.11605205515761,-0.313618716049317,-0.440154195598936,0.805399177660053,0.322863441319295,-1.7803121830443
407,10.3671937388254,10.4046296646114,9.44331913854652,0.377041254812176,-0.126700183583361,-0.293791212423835,1.0654279754811,0.445343976539566,-1.42532256544211
408,10.0376792421947,10.016113564849,9.09054131918107,0.624046664586676,0.0448381299195629,-0.159621639856084,1.30830585813709,0.559709444943531,-1.08266277776919
409,9.77267274369143,9.673851271088,8.78848768185001,0.849007196165275,0.190972653374748,-0.045480133107724,1.52719049684735,0.658049549442759,-0.762024073547574
410,9.55770576852998,9.3705830917729,8.52759193691389,1.05940284022878,0.320525467542524,0.0552872973166077,1.73067512814381,0.746923708196278,-0.458144910932062
411,9.37830984192474,9.09904933534822,8.29828779473327,1.26271358745801,0.442318653183218,0.149334640912273,1.92735298855842,0.832891339363112,-0.165763748077461
412,9.22001648909009,8.85199031025848,8.09100896566869,1.46641942853376,0.565174291057161,0.243315887174636,2.12581731462312,0.922511861102289,0.120380956861424
413,9.06835723524044,8.6221463249482,7.89618916008071,1.67800035413685,0.69791446192468,0.343885025599058,2.33466134286986,1.02234469157283,0.405550745729787
414,8.95072990655623,8.43094782421506,7.73909444960539,1.89195398568409,0.833918706920156,0.443423249501817,2.54905187810234,1.13051217032564,0.68489126448353
415,8.8921552245274,8.29433401713606,7.63923724846308,2.0987578096866,0.962043247346964,0.532445938113935,2.75880845162653,1.24009363324755,0.951476855278347
416,8.87459905733258,8.19680835857472,7.57842078089083,2.29986161446663,1.08432518421892,0.61480835980289,2.96450338972774,1.35008399300148,1.20746210425912
417,8.88002727315041,8.12287430339458,7.53844827112566,2.49671518834642,1.20280161854986,0.694365782936161,3.16670901869129,1.45947816225036,1.45500159757074
418,8.8904057401595,8.05703530645916,7.50112294340463,2.69076831964822,1.31950965135359,0.774973475881226,3.36599766480248,1.56727105365713,1.69624992135809
419,8.8877003265385,7.98379482263199,7.44824802196475,2.88347079669429,1.43648638364394,0.860486707005565,3.56294165434664,1.67245757988472,1.93336166176604
420,8.90046568395998,7.92566224720139,7.40211984916608,3.07835765890377,1.55581177395498,0.952070753769038,3.75985269197059,1.77676063784557,2.16823836607364
421,8.95784024874076,7.90668262900886,7.38938817774975,3.27548898614245,1.67638662265472,1.04658062265556,3.95720637481518,1.88172428239529,2.39965376748338
422,9.04266556602581,7.91366290324766,7.39838634752451,3.47110212740259,1.79547929350795,1.14140617556867,4.15282086790678,1.98607516311159,2.62507073102539
423,9.13778318096009,7.93341000511105,7.4174476982991,3.6614344316764,1.91035815027943,1.23393727441192,4.34451433627177,2.08853992957216,2.84195212172981
424,9.22603463868858,7.95273086979228,7.43490556988223,3.84272324795614,2.01829155673391,1.32156378108887,4.53010494493652,2.18784523135469,3.04776080462674
425,9.29026148435623,7.95843243248461,7.43909330208264,4.01120592523404,2.11654787663618,1.40167555750306,4.70741085892741,2.28271771803689,3.23995964474631
426,9.34617522123511,7.96531229798423,7.44241708914401,4.17431765953329,2.21476758571047,1.48567376924149,4.88702405698036,2.37775068111645,3.42523310171001
427,9.41698076349019,7.99266798024167,7.46150281583027,4.33929145353821,2.32015482990377,1.58136641644446,5.07605226316459,2.4765217895913,3.60899803163582
428,9.49675977260592,8.03405627818169,7.4910133577305,4.50206136623277,2.42632347831494,1.6807536128455,5.26708726050636,2.57623425928948,3.78681589429853
429,9.5795939100667,8.08303399072909,7.52561159043381,4.65856145660095,2.52688740004284,1.77583547217814,5.45272083203194,2.67409130603898,3.954248149473
430,9.65956483735697,8.13315791680863,7.55996038952928,4.8047257836267,2.61546046418634,1.85861210817589,5.62554476076761,2.76729614566785,4.10685625693402
431,9.73075421596114,8.1779848553451,7.588722630606,4.93648840629399,2.68565653984429,1.92108363457229,5.77815082973963,2.8530519940041,4.24020167645643
432,9.78724370736363,8.21107160526328,7.60656118925307,5.0497833835868,2.73108949611555,1.95525016510086,5.90313082197426,2.92856206687575,4.34984586781506
433,9.81995036736356,8.23812907607914,7.61263229914565,5.13561102850821,2.74880579364304,1.95740732673062,6.00731105984092,2.99835064875715,4.43497796446889
434,9.83132803091243,8.2680310994935,7.61204860288746,5.1944227798146,2.74416502575723,1.93444485763788,6.10106475617534,3.06676528862278,4.49985420439066
435,9.83276352822324,8.29907885770837,7.60840758946047,5.2363293851199,2.72325076058836,1.89425403836708,6.18230402970336,3.13074409905082,4.54763670412574
436,9.83564368950899,8.32957353292579,7.60530674784666,5.271441592038,2.69214656626664,1.84472614946268,6.24894099915077,3.18722519261948,4.58148758021954
437,9.85135534498267,8.35781630734778,7.60634356702797,5.30987014818281,2.65693601092233,1.79375247146912,6.29888778324341,3.23314668190695,4.60456894921746
438,9.89128532485729,8.38210836317638,7.61511553598638,5.36172580116825,2.62370266268563,1.74922428493085,6.33005650070707,3.26544667949142,4.62004292766489
439,9.92827124333091,8.39169212067086,7.61813089523184,5.40497858994698,2.56552642595351,1.67666892506171,6.30818424921689,3.27249261928676,4.5887640733931
440,9.93992721169034,8.38382478036517,7.606433516306,5.42051483281837,2.46514679391943,1.55407345290157,6.22115470025172,3.2526636802301,4.49194326269582
441,9.94480480578172,8.36882969487335,7.59042433473837,5.42281969641638,2.34313671790835,1.40801873773397,6.10009983324305,3.2179155924346,4.36327708981211
442,9.96145560145116,8.35703021680942,7.58050428605843,5.42637834737498,2.22006914924522,1.26508564884241,5.97615162762232,3.18020408601342,4.23646214898103
443,10.0084311745448,8.35874969878741,7.58707430579568,5.44567595232816,2.11651703925501,1.15185505551041,5.88044206282102,3.15148489107972,4.14519503444166
444,10.1042831009088,8.38431149342134,7.62053532947964,5.49519767790989,2.05305333926268,1.09490782702149,5.8441031182706,3.14371373774664,4.12317234043306
445,10.2513701971281,8.41782344303255,7.6646067072596,5.55929493135371,2.00516208230787,1.07387348760097,5.8281955914882,3.12307225691436,4.15068289395279
446,10.4330831876572,8.44271974646795,7.70235718802431,5.61788005284865,1.94326920947043,1.05472349812505,5.78671051767678,3.06393675426807,4.18624429679077
447,10.6395215101459,8.46831329112992,7.74321180541241,5.67877960846185,1.88036053413561,1.0435516328536,5.74017523279656,2.99055497209849,4.2308963053746
448,10.8607846022441,8.50391696442089,7.79659559306253,5.74982016426047,1.82942186968868,1.0464516660465,5.70911707280773,2.92717465269635,4.28567867613187
449,11.0869719016018,8.55884365374326,7.8719335846133,5.83882828631165,1.80343902951489,1.06951737196359,5.7140633736705,2.89804353835237,4.3516311654902
450,11.3081828458688,8.64240624649944,7.97865081370336,5.95363054068255,1.81539782699951,1.11884252486475,5.77554147134507,2.92740937135728,4.42979352987717
451,11.5710333769316,8.77591038315135,8.14463874782679,6.11042878139823,1.88150538674002,1.21700690692823,5.91153500114188,3.01919621767237,4.53770780757847
452,11.9072671078377,8.96098272605417,8.37493974161668,6.30991779428927,1.9975051541281,1.36959713372895,6.1115212997633,3.15303182968161,4.68361491807505
453,12.2846749829787,9.17741769545016,8.64470515942018,6.53666354313102,2.14568742374029,1.55721722962181,6.35326825525746,3.3167194793097,4.85460293958744
454,12.6710479467464,9.40500971158157,8.92908636558444,6.77523199169886,2.30834249015316,1.76047121896169,6.61454375567245,3.49806243848136,5.03775995033615
455,13.0341769435325,9.62355319469065,9.20323472445659,7.01018910376818,2.46776064794324,1.9599631261035,6.8731156890564,3.68486397912127,5.22017402854169
456,13.3418529177286,9.81284256501966,9.44230160038378,7.22610084311433,2.60623219168709,2.13629697540211,7.10675194345741,3.86492737315414,5.38893325242459
457,13.5618668137267,9.95267224281086,9.62143835771316,7.40753317351269,2.70604741596125,2.27007679121244,7.29322040692361,4.02605589250468,5.53112570020537
458,13.7211031343016,10.0692196716057,9.77407436889856,7.58649148288886,2.78871803768967,2.37935546945068,7.48040872560781,4.2151157516538,5.6753581845923
459,13.8647684716953,10.19536877917,9.94041949277923,7.79248263112668,2.88247119064552,2.49250828533607,7.71289580045068,4.46491800846445,5.84739594094114
460,13.9881369044991,10.3209737120827,10.1057958232804,8.00632478993893,2.97967029467919,2.60562283217799,7.96348640168208,4.74218319993436,6.03006468144359
461,14.0864825113048,10.4358886169226,10.2555254543275,8.20883613103842,3.07267876964104,2.71478670328585,8.20498529953192,5.01363186306129,6.20619011829138
462,14.1550793707038,10.5299676402686,10.3749304798457,8.38083482613791,3.15386003538146,2.81608749196904,8.41019726423005,5.245984534843,6.35859796367622
463,14.1892015612878,10.5930649286995,10.4493329937603,8.5031390469502,3.21557751175083,2.90561279153696,8.55192706600636,5.40596175227724,6.47011392978981
464,14.1541253935936,10.6147048135038,10.4716749477763,8.58230213015673,3.25903595455548,2.98891173141004,8.63245736195828,5.51233108939446,6.55050382764849
465,14.0392691551708,10.5993041363233,10.452696551506,8.63931876188252,3.29129345327346,3.07059828795538,8.67682364855892,5.6044996944178,6.61857939209021
466,13.8761198901299,10.5590558092672,10.4044172857351,8.67666913800568,3.31349342826264,3.14535732490234,8.69195995510173,5.68014746563403,6.67073522103916
467,13.6961646425813,10.5061527444449,10.3388566312495,8.69683345440433,3.32677929988091,3.20787370598025,8.68480031088015,5.73695430132988,6.7033659124195
468,13.5308904566354,10.4527878539654,10.2680340688352,8.70229190695658,3.33229448848615,3.2528322949185,8.66227874518764,5.77260009979211,6.7128660641554
469,13.4117843764028,10.4111540499381,10.2039690792779,8.69552469154054,3.33118241443625,3.27491795544642,8.63132928731762,5.78476475930747,6.69563027417104
470,13.2845617169968,10.3356481783109,10.0853720085544,8.63066897582441,3.29083019753419,3.2493773292882,8.54704245863202,5.7267964598232,6.6312386737035
471,13.0964029528488,10.1957331950402,9.87480603188001,8.48620368895123,3.19643762174317,3.17228356264407,8.38519807840697,5.58069118087266,6.51711906497788
472,12.8809928670456,10.0262011772481,9.62006987389846,8.30112166901148,3.07586710366142,3.06956127595739,8.18376412280725,5.38710052012181,6.3764375524004
473,12.6720162426744,9.86184420205662,9.36896225925343,8.11441575409562,2.95698105988716,2.96713508967157,7.98070856799764,5.18667607523662,6.23236024037728
474,12.5031578628221,9.73745434658769,9.16928191258863,7.96507878229412,2.86764190701862,2.89092962422998,7.81399939014295,5.02006944388306,6.10805323331472
475,12.4081025105756,9.68782368796338,9.06882755854775,7.89210359169745,2.83571206165402,2.866869500076,7.72160456540793,4.92793222372708,6.02668263561894
476,12.3781925086679,9.71139627948812,9.05388296330837,7.87881872200081,2.85459944778762,2.8809645527651,7.6816273207257,4.89574754886792,5.96693412601338
477,12.3786951327214,9.77557592082451,9.0741909325122,7.88073910613083,2.89577076625366,2.90157114026699,7.64764735151255,4.87927519922123,5.89493948718034
478,12.4041825951574,9.86859430863178,9.12273874999917,7.89513717202514,2.95417659891034,2.92813366664645,7.62084733665808,4.87458174117756,5.81503397946439
479,12.4492271083974,9.97868313956915,9.19251369960921,7.91928534762135,3.02476752761586,2.96009653596827,7.60240995505188,4.87773374112752,5.73155286321005
480,12.5084008848628,10.0940741102959,9.27650306518226,7.95045606085705,3.10249413422841,2.99690415229724,7.59351788558353,4.88479776546166,5.64883139876186
481,12.576276136975,10.2029989174711,9.36769413055823,7.98592173966986,3.18230700060619,3.03800091969813,7.59535380714264,4.89184038057058,5.57120484646439
482,12.6474250771554,10.2936892577542,9.45907417957706,8.0229548119974,3.2591567086074,3.08283124223574,7.60910039861879,4.89492815284484,5.50300846666215
483,12.7431029888775,10.3783868951043,9.56720160738305,8.0869665357008,3.3523013032574,3.1410250479464,7.63995201401743,4.90784315163039,5.44555226175829
484,12.8776779182845,10.4744043951687,9.70627595727876,8.19237813913502,3.47478369752694,3.21798617940033,7.69014943116678,4.94090828446975,5.39702720745439
485,13.0353912218018,10.5775796571388,9.8657462353415,8.31997700597843,3.61223177519225,3.3068199124631,7.75644496469067,4.98500137504837,5.35709002404272
486,13.2004842558551,10.6837505802058,10.0350614476486,8.45055051990936,3.75027342002961,3.40063152300028,7.83559092921288,5.03100024705173,5.32539743181554
487,13.3571983768699,10.7887550635611,10.2036706002774,8.56488606460617,3.87453651581525,3.49252628687744,7.92433963935722,5.06978272416527,5.30160615106511
488,13.4897749412717,10.8884310063959,10.3610226993052,8.64377102374721,3.97064894632542,3.57560947996016,8.0194434097475,5.09222663007446,5.28537290208369
489,13.6022538810758,10.9797617264747,10.5254456741155,8.686830907769,4.05629530696253,3.6711962998532,8.13760615226906,5.09872741480867,5.28693075198285
490,13.7117658940921,11.0656555219369,10.7148839255633,8.71207966613963,4.15313005443127,3.7951282653284,8.28840398580627,5.09784495927006,5.30977782514193
491,13.8221884854382,11.1508377625366,10.9182111669332,8.72788734108481,4.25273586446137,3.93230013400196,8.45789753548148,5.09270373345328,5.34346842775487
492,13.9373991602318,11.2400338180279,11.1243011115096,8.74262397483027,4.34669541278256,4.06760666349007,8.63214742641706,5.086428207353,5.37755686601559
493,14.0612754235905,11.3379690581647,11.322027472577,8.76465960960172,4.42659137512458,4.18594261140893,8.79721428373536,5.08214285096387,5.401597446118
494,14.1976947806319,11.4493688527012,11.50026396342,8.80236428762487,4.48400642721715,4.27220273537472,8.93915873255873,5.08297213428054,5.40514447425605
495,14.3113348957346,11.5377619033141,11.6357688019998,8.80920825587636,4.47759506754029,4.3015663884079,9.03650613297746,5.05751548414635,5.35450114768135
496,14.3835529104884,11.5830243724001,11.7289362456324,8.75735932013326,4.39789255094449,4.27733353808369,9.09353999863781,4.98990903479421,5.24559740288947
497,14.4432455458282,11.6144028207924,11.8040940666339,8.68323386082197,4.28430268771516,4.22657986385044,9.13495818499615,4.90658231730321,5.11242765494021
498,14.5193095226889,11.6611438093246,11.8855700373204,8.62324825836887,4.17622928813768,4.1763810451565,9.18545854750887,4.83396486275245,4.98898631889336
499,14.6406415620054,11.75249389883,11.997691930008,8.61381889320036,4.11307616249747,4.1538127614502,9.26973894163231,4.79848620222099,4.90926780980873
500,14.8361383847123,11.9176996501419,12.164787517013,8.69136214574283,4.13424712107992,4.1859506921799,9.41249722282286,4.82657586678793,4.90726654274612
501,15.0967685329119,12.1627229008946,12.3849404540069,8.85645564992609,4.22619127405198,4.27398219044153,9.60955032844105,4.93448410893714,4.99758963218344
502,15.3911587504486,12.4637557035642,12.6349695899859,9.07567849511353,4.34539305565943,4.39330683869175,9.83609465081475,5.10525720412248,5.15584836042538
503,15.714693060871,12.805389941247,12.9073054872525,9.33444924488191,4.48630926230597,4.53231866041995,10.0858972278513,5.31551871787796,5.357543394272
504,16.0627554877278,13.1722174970393,13.1943787081091,9.61818646280798,4.64339669039531,4.67941167911553,10.352725097458,5.5418922157376,5.57817540052331
505,16.4307300545673,13.5488302540373,13.4886198148584,9.91230871246849,4.81111213633113,4.82297991826789,10.6303452975423,5.76100126323542,5.79324504597935
506,16.8140007849383,13.9198200953375,13.7824593698027,10.2022345574402,4.98391239651714,4.95141740136642,10.9125248660114,5.94946942590544,5.97825299744016
507,17.2079517023891,14.269778904036,14.0683279352446,10.4733825612998,5.15625426735703,5.05311815190052,11.1930308407727,6.08392026928167,6.10869992170577
508,17.6433323354003,14.6270550703554,14.3493871405982,10.7482152762448,5.33946076477325,5.13381195652951,11.4714763854089,6.17882551144892,6.19540894953409
509,18.1389015925567,15.0198659568035,14.6350488923688,11.0524807406433,5.54551331610326,5.20913343556685,11.7544589924954,6.2655545444319,6.26914388872499
510,18.6720575675635,15.4326069049048,14.9271191684958,11.3765257473282,5.76985633487334,5.28233386298318,12.0462221934282,6.34607744467445,6.33531642164137
511,19.2201983541259,15.849673256184,15.2274039469186,11.7106970891325,6.00793423460976,5.3566645127491,12.3510095196035,6.42236428862044,6.39933823064616
512,19.7607220459489,16.2554603521654,15.5377092055764,12.0453415588892,6.25519142883878,5.43537665883525,12.6730645024172,6.49638515271371,6.46662099810226
513,20.2710267367377,16.6343635343737,15.8598409224088,12.3708059494311,6.50707233108666,5.52172157521223,13.0166306732655,6.57011011339812,6.5425764063726
514,20.7753612048272,17.0013400895705,16.2037277473468,12.7013326689675,6.77605253277694,5.61185325503711,13.4016845800018,6.63295872658682,6.62242935670352
515,21.3041554300098,17.3770206316245,16.5714280684199,13.0506240313805,7.07036502631854,5.69965688772182,13.8321347554998,6.67772958000219,6.69910966545549
516,21.8440793081768,17.7543104927209,16.9529424707149,13.4082166880121,7.37909032671582,5.78498054161932,14.2881227086856,6.71146129780195,6.77458638766253
517,22.3818027352198,18.1261150050451,17.3382715393188,13.7636472902042,7.69130894897317,5.86767228508254,14.7497899484859,6.74119250414383,6.85082857835873
518,22.9039956070304,18.4853395007822,17.7174158593183,14.1064524892989,7.99610140809496,5.94758018646445,15.1972779838267,6.77396182318555,6.92980529257813
519,23.3973278194999,18.8248893121175,18.0803760158005,14.4261689366382,8.28254821908557,6.02455231411799,15.6107283236346,6.81680787908482,7.01348558535479
520,23.8727685238811,19.1401077625707,18.4376255561955,14.7325185341156,8.56403580670184,6.09183446092469,16.0109757813387,6.86429902416474,7.09174509113658
521,24.3480713285575,19.435665910375,18.802932468892,15.0398586373129,8.85641562243879,6.14746842950404,16.4254462525051,6.90688862951679,7.15701857767301
522,24.8200828151172,19.7184606897864,19.1712390004141,15.3446790781045,9.15246572140809,6.19849630281596,16.8441678692659,6.94544284745136,7.21511379995055
523,25.285649565148,19.9953890350605,19.5374873972863,15.6434696883651,9.44496415872141,6.25196016382033,17.2571687637531,6.9808278302788,7.2718385129557
524,25.7416181602379,20.2733478804532,19.896619906033,15.932720299969,9.72668898949042,6.31490209547705,17.6544770680984,7.0139097303095,7.33300047167494
525,26.1848351819749,20.5592341602203,20.2435787731784,16.2089207447907,9.99041826882679,6.39436418074604,18.026120914434,7.0455546998538,7.40440743109476
526,26.635209734433,20.8587105781229,20.5956275786716,16.4821189147699,10.2563472984729,6.50274997064128,18.3817597805128,7.08901050001747,7.49986968145006
527,27.1047381201263,21.1683397603079,20.9661048883107,16.7607210505224,10.5415544825354,6.63961104302931,18.7355800519714,7.15121142156313,7.62263987169119
528,27.5783977183028,21.4813685246103,21.3440654273937,17.0387545069379,10.8341425296724,6.79271152114882,19.0844002227673,7.22355341128649,7.76268929487782
529,28.0411659082105,21.7910436888652,21.7185639212187,17.3102466389059,11.122214148542,6.94981552823851,19.4250387868576,7.29743241598326,7.90998924406964
530,28.4780200690976,22.0906120709075,22.0786550950836,17.5692248013157,11.3938720478022,7.09868718753707,19.7543142381998,7.36424438244914,8.0545110123263
531,28.8739375802119,22.3733204885722,22.4133936742863,17.8097163490568,11.637218936111,7.2270906222832,20.0690450707512,7.41538525747985,8.1862258927075
532,29.2138958208016,22.6324157596942,22.711834384125,18.0257486370188,11.8403575221265,7.3227899557156,20.366049778469,7.44225098787109,8.2951051782729
533,29.5038326178664,22.8742393996644,22.9847743488606,18.202742561694,11.9910358985694,7.38237673094415,20.6413666519341,7.42413796372902,8.37887642906132
534,29.7625595889594,23.1082997633937,23.2476590134926,18.3400578762818,12.0957988830152,7.41687246086469,20.8961542274997,7.3602634258148,8.44506823763582
535,29.9943647991588,23.3325939279975,23.4965155844266,18.4526302207327,12.1709442714049,7.43568622339483,21.1349113677814,7.27190459690661,8.49835344584244
536,30.203536313543,23.5451189705911,23.7273712680682,18.5553952349969,12.2327698596792,7.44822709645215,21.3621369353949,7.18033869978263,8.54340489552719
537,30.3943621971902,23.7438719682899,23.9362532708232,18.6632885590249,12.2975734437789,7.46390415795426,21.5823297929559,7.10684295722104,8.58489542853612
538,30.5711305151786,23.9268499982093,24.1191887990973,18.791245832767,12.3816528196449,7.49212648581874,21.7999888030801,7.07269459200003,8.62749788671525
539,30.7121973358337,24.0882633068939,24.2684371440089,18.9406517830236,12.4741348108235,7.52128955203124,22.0279690904605,7.06121177510426,8.6559812616754
540,30.8041081065738,24.2280018372677,24.3851219562503,19.0985522315939,12.5555885448786,7.53836607359212,22.2675764379958,7.04569084131922,8.66091917679831
541,30.8634349611165,24.3525822110148,24.4785669815874,19.2583744609262,12.6294752737773,7.55063099594115,22.5059856956103,7.03237625912432,8.65569142158646
542,30.9067500331797,24.4685210498195,24.5580959657863,19.4135457534688,12.6992562494869,7.56535926451808,22.7303717132283,7.02751249699898,8.65367778554229
543,30.9506254564811,24.5823349753659,24.633032654613,19.5574933916699,12.7683927239747,7.58982582476264,22.9279093407742,7.0373440234226,8.66825805816826
544,31.0116333647385,24.7005406093382,24.7127007938334,19.6836446579778,12.8403459492079,7.63130562211459,23.0857734281724,7.0681153068746,8.71281202896685
545,31.0725298875405,24.8156592399848,24.7750488769274,19.8001101165943,12.9162970971106,7.68111247012586,23.207982796035,7.13093064956553,8.78800614950949
546,31.1103085305006,24.9179283958686,24.8016813888595,19.9164097948558,12.9932846063706,7.72748015585649,23.3090484282483,7.22454820628726,8.88092524229374
547,31.1328974913732,25.0104390591457,24.8074060626229,20.0280851699124,13.068555629101,7.77306358500841,23.3918834196476,7.33669322439117,8.98457665321116
548,31.1482249679126,25.0962822119719,24.8070306312109,20.1306777189143,13.1393573174146,7.82051766328355,23.4594008650682,7.45509095122865,9.09196772815333
549,31.1642191578733,25.1785488365033,24.8153628276165,20.2197289190116,13.2029368234244,7.87249729638384,23.5145138593454,7.56746663415111,9.19610581301183
550,31.1888082590097,25.2603299148959,24.847210384833,20.2907802473546,13.2565412992433,7.9316573900112,23.5601354973145,7.66154552050991,9.28999825367821
551,31.2318076353735,25.3537968714037,24.901420533215,20.3545060958596,13.3156389062612,8.01222724456156,23.5865359670203,7.74970101604207,9.3812137342796
552,31.2907305177644,25.4619941884371,24.9637301963021,20.4200795579979,13.3900063078198,8.11959231777834,23.5851639229687,7.8489545758619,9.47966267994878
553,31.3550519040588,25.5743224353858,25.0292816468645,20.480790163252,13.4683534089594,8.24314175138474,23.5607001596866,7.95400352138683,9.58186504808585
554,31.4142467921329,25.6801821816396,25.0932171576726,20.5299274411042,13.5393901147203,8.37226468710394,23.5178254717009,8.05954517403428,9.6843407960909
555,31.4577901798631,25.7689739965884,25.1506790014968,20.560780921037,13.5918263301431,8.49635026665914,23.4612206535383,8.16027685522165,9.78360988136401
556,31.4751570651257,25.830098449622,25.1968094511072,20.5666401325327,13.6143719602679,8.60478763177352,23.3955664997256,8.25089588636638,9.87619226130527
557,31.4558224457969,25.8529561101302,25.2267507792744,20.5407946050738,13.5957369101353,8.68696592417028,23.3255438047897,8.32609958888586,9.95860789331478
558,31.3981341626013,25.8365484375667,25.2514193431398,20.4740592618305,13.5338676905271,8.74419795563605,23.2434599720577,8.37714707972015,10.0276118251668
559,31.3124801374167,25.7920309068413,25.2810087510984,20.3697020411615,13.4399530962688,8.78739624211282,23.1421472685655,8.4061350889007,10.0860663269581
560,31.2063954898495,25.7270351105278,25.3095771528006,20.239691995332,13.3225664584665,8.82034948155676,23.0270737844032,8.42401735748208,10.1396521895728
561,31.0874153395061,25.6491926412,25.331182697897,20.0959981766072,13.1902811082264,8.84684637192408,22.9037076096611,8.44174762651883,10.1940502038952
562,30.9630748059929,25.5661350914316,25.3398835360382,19.9505896372523,13.0516703766547,8.87067561117097,22.7775168344292,8.47027963706553,10.2549411608092
563,30.8409090089162,25.4854940537966,25.3297378168745,19.8154354295326,12.9153075948574,8.89562589725361,22.6539695487978,8.52056713017673,10.3280058511991
564,30.6971040321408,25.365481263023,25.2835649320854,19.6612003518722,12.7386452857068,8.89277453931133,22.5122147123495,8.56506110418527,10.3588103852168
565,30.5145984573415,25.1811905396966,25.1995148790484,19.4644372695711,12.4960175146774,8.84708998779341,22.3383841239952,8.58177997481475,10.3184603082885
566,30.3110561508396,24.965576605178,25.0946417159618,19.2459473352076,12.2213199267788,8.78319765262101,22.148420132817,8.59002860920592,10.2509455642092
567,30.1041409789564,24.7515941808276,24.9859995010241,19.0265317013602,11.9484481670205,8.7257229437153,21.9582650878971,8.60911187449951,10.2002560967743
568,29.9115168080132,24.5721979880059,24.8906422924336,18.8269915206074,11.711297880412,8.69929127099743,21.7838613383176,8.65833463783624,10.210381849779
569,29.7508475043316,24.4603427480733,24.8256241483884,18.6681279455276,11.5437647119627,8.72852804438857,21.6411512331608,8.75700176635687,10.3253127670185
570,29.6213960923947,24.4172601566715,24.7902394997288,18.5469102278416,11.4364785060247,8.8143179915848,21.529140326011,8.91260357902491,10.545027033928
571,29.5054510273527,24.4111380838557,24.7671734275903,18.4412619835756,11.3520184382122,8.93258068496714,21.4312043106036,9.10927538613214,10.8274971895105
572,29.3952143215267,24.4253655126067,24.7485659656151,18.3434159117655,11.2822041504282,9.07049380148406,21.339840746247,9.33128954181167,11.1537047079131
573,29.282887987238,24.4433314259056,24.726557147445,18.2456047114475,11.2188552845757,9.21523501808406,21.2475471922499,9.56291840019662,11.5046310632828
574,29.1606740368078,24.4484248067331,24.6932870067223,18.1400610816576,11.1537914825578,9.35398201171565,21.1468212079206,9.78843431542009,11.8612577297666
575,29.0207744825575,24.4240346380703,24.6408955770887,18.019017721432,11.0788323862773,9.4739124593273,21.0301603525678,9.99210964161519,12.2045661815115
576,28.8721236946813,24.4009477400186,24.5777225456924,17.8988405457505,11.0223333962868,9.59218863031942,20.9103937790387,10.1857585862622,12.5558024334301
577,28.7272120947217,24.4106760871532,24.5162149464921,17.7958207130933,11.0071966375499,9.73008969752121,20.8019582630492,10.3907435310838,12.9436087483589
578,28.5835757720224,24.4376963941656,24.4546738333459,17.7020787877474,11.0170618385859,9.88096869302441,20.6997627982106,10.6056590915768,13.3600609723314
579,28.4387508159272,24.466485375747,24.3914002601119,17.6097353339999,11.0355687279144,10.0381786489207,20.5987163781344,10.829099883238,13.797234951381
580,28.2902733157796,24.4815197465888,24.3246952806483,17.5109109161377,11.0463570340549,10.1950725973019,20.4937279964319,11.0596605215641,14.2472065315412
581,28.1356793609235,24.4672762213824,24.2528599488132,17.397726098448,11.0330664855267,10.3450035702596,20.3797066467147,11.295935622052,14.7020515588454
582,27.9725050407025,24.4082315148192,24.1741953184647,17.2623014452175,10.9793368108493,10.4813245998856,20.251561322594,11.5365198001985,15.1538458793269
583,27.7925630745624,24.2959505383238,24.0802452463086,17.0840525460855,10.8835917964701,10.6103694651836,20.1031630814668,11.7718267131576,15.5884851713044
584,27.5942890872281,24.1425233572782,23.9685260469954,16.862211237877,10.7612616088735,10.7409886335881,19.9365204921015,11.9981862405541,16.0081891048938
585,27.3851535259619,23.9632144173099,23.8462974613001,16.6186224556588,10.6214955466345,10.870310169837,19.7587488151668,12.2230673315911,16.4295195138244
586,27.1726268380263,23.7732881640464,23.7208192299979,16.3751311344973,10.4734429083281,10.9954621386679,19.5769633113313,12.4539389354714,16.8690382318255
587,26.9641794706836,23.5880090431152,23.599351093864,16.1535822094591,10.3262529925293,11.1135726048187,19.3982792412637,12.698270001398,17.3433070926265
588,26.767281871196,23.4226415001436,23.4891527936735,15.9758206156107,10.189075097813,11.2217696330272,19.2298118656329,12.9635294785738,17.8688879299565
589,26.5723516748274,23.2352302510021,23.3784653783208,15.818340055638,10.0296012033441,11.3022347628006,19.0487781909713,13.2402409849232,18.4228570432152
590,26.368106971409,22.9931057673643,23.2551981908599,15.6498107841353,9.82511691143777,11.3498966322661,18.8385826331447,13.5174765478037,18.978700589208
591,26.1594688900545,22.7254611285628,23.1261134133054,15.4803425640317,9.59916195539503,11.3810039540907,18.6156215668213,13.8005277305686,19.5475951877726
592,25.9513585598777,22.4614894139301,22.997973227672,15.320045158256,9.37527606851675,11.4118054409416,18.3962913666693,14.0946860965712,20.1407174587471
593,25.7486971099922,22.2303837027987,22.8775398159742,15.1790283297375,9.17699898410383,11.4585498054861,18.1969884073568,14.4052432091645,20.7692440219692
594,25.5564056695118,22.0613370745012,22.7715753602267,15.0674018414051,9.02787043545717,11.5374857603914,18.0341090635521,14.7374906317019,21.4443514972769
595,25.3746958675609,21.9591359552982,22.688497325198,15.0000432114125,8.93298299046339,11.6499156454637,17.9150664115275,15.1037402102521,22.2105218202069
596,25.1997260687554,21.8990291569676,22.6264391613429,14.974558124112,8.87305187450882,11.7817886605093,17.8281452375929,15.5048749526593,23.0769200597532
597,25.0303375054465,21.8659033371181,22.5767370292054,14.9751485917303,8.83505080714395,11.9263238081954,17.7610494814729,15.9290431649395,24.0017475359389
598,24.8653714099852,21.8446451533584,22.5307270893295,14.9860166264945,8.80595350791929,12.0767400911889,17.7014830828922,16.3643931531086,24.9432055687876
599,24.7036690147228,21.8201412632971,22.4797455022591,14.9913642406314,8.77273369638531,12.226256512157,17.6371499815755,16.7990732231826,25.8594954783225
600,24.5440715520103,21.7772783245428,22.4151284285384,14.9753934463678,8.7223650920925,12.3680920737668,17.5557541172473,17.2212316811775,26.7088185845669
601,24.3885261025925,21.7365174028638,22.3369323804697,14.9607324535853,8.66858661693585,12.5084360797501,17.4683490708064,17.6429871732136,27.5277604536828
602,24.2386658285036,21.721236050571,22.252395333859,14.9725522108199,8.62941612808396,12.6560155929102,17.3911071982594,18.0802618960705,28.3723419933398
603,24.0928610840292,21.7206956550868,22.1636256445056,14.9988688382808,8.59824574799782,12.8078562545211,17.3194106019933,18.5269094817529,29.2299175358235
604,23.9494822234548,21.7241576038339,22.0727316682088,15.0276984561771,8.56846759913841,12.9609837058573,17.2486413843949,18.9767835622656,30.0878414134191
605,23.8068996010661,21.7208832842347,21.9818217607678,15.0470571847177,8.53347380396669,13.1124235881928,17.1741816478511,19.4237377696133,30.933467958412
606,23.6634835711486,21.7001340837118,21.893004277982,15.0449611441119,8.48665648494365,13.2592015428019,17.0914134947488,19.8616257358009,31.7541515030878
607,23.5176044879877,21.6511713896877,21.8083875756507,15.0094264545685,8.42140776453026,13.3983432109589,16.9957190274748,20.284301092833,32.5372463797317
608,23.3809751122821,21.5845079563185,21.7351069417615,14.940780784994,8.34199714101178,13.5502085549392,16.8965311283996,20.7138962419723,33.3124307920702
609,23.2600279296306,21.5156078941,21.6740154672631,14.8513766947272,8.25739877065162,13.7263943304915,16.802635596264,21.166446281856,34.1040390846297
610,23.1452128816691,21.4411596249639,21.6177982123957,14.7472676396258,8.16806176287802,13.9107813690995,16.7084439080104,21.6266588905507,34.8914098008953
611,23.0269799100338,21.3578515708423,21.5591402373997,14.6345070755476,8.07443522711921,14.087250502247,16.6083675405812,22.0792417461233,35.6538814843523
612,22.8957789563605,21.262372153667,21.4907266025155,14.5191484583504,7.97696827280342,14.2396825614179,16.4968179709189,22.5089025266404,36.3707926784856
613,22.7420599622853,21.1514097953698,21.4052423679834,14.4072452438918,7.87611000935887,14.3519583780958,16.3682066759659,22.9003489101688,37.0214819267806
614,22.5620636641959,21.0032070793633,21.2943609408512,14.2873323934498,7.75552885825826,14.4197800223099,16.2077563815085,23.2556349514129,37.6094564000036
615,22.3640430848815,20.8124012361632,21.1623031518251,14.1495615920238,7.60801090018502,14.4570776407677,16.0150252577386,23.5904411737369,38.1578255961611
616,22.1564665955805,20.6002726583563,21.0205751966328,14.0024113810542,7.44768173338344,14.475074179971,15.8059279482068,23.909914958197,38.6753315495985
617,21.9478025675313,20.3881017385292,20.8806832710019,13.8543603019814,7.28866695609784,14.4849925864215,15.5963790964635,24.2192036858496,39.1707162946611
618,21.7465193719724,20.1971688692687,20.7541335706602,13.7138868962459,7.14509216657254,14.498055806621,15.4022933460593,24.523454737751,39.652721865694
619,21.5610853801422,20.0487544431615,20.6524322913353,13.5894697052879,7.03108296305183,14.5254867870711,15.2395853405447,24.8278154949574,40.1300902970427
620,21.3766930473849,19.9373278341548,20.5727262899049,13.4713569305086,6.9413791285766,14.5523516377005,15.096726304892,25.1200003584938,40.5801023968952
621,21.1779731066803,19.8394753154311,20.5019350834314,13.346445003406,6.86023330045764,14.5611919127845,14.9530861445864,25.3891989569268,40.9837570204286
622,20.9725513457199,19.7496526284301,20.43622385792,13.2181848105652,6.78604035834415,14.5594437253451,14.810927523948,25.6427715126248,41.3553732724717
623,20.7680535521955,19.6623155145913,20.3717577993762,13.0900272385719,6.71719518188536,14.5545431884044,14.672513107297,25.8880782479564,41.7092702578532
624,20.5721055137987,19.5719197153544,20.304702093805,12.9654231740113,6.65209265073047,14.5539264149845,14.5401055589537,26.13247938529,42.0597670814022
625,20.3923330182213,19.472920972159,20.2312219272119,12.8478235034689,6.5891276445287,14.5650295181073,14.4159675432382,26.3833351469942,42.4211828479475
626,20.2328907120999,19.3758189420991,20.1650662929094,12.7431700425806,6.53916696553158,14.5814978014381,14.3016356846132,26.641827482455,42.7804416182138
627,20.0895232309004,19.2915044262727,20.1169931470777,12.6519869051826,6.5090197494897,14.5939101914644,14.1964173838325,26.9024862296125,43.1182449041394
628,19.9572413455582,19.2150198821256,20.0786811200233,12.5695984251608,6.49099437630088,14.6051032354421,14.0992314696531,27.1626934436669,43.4395779873733
629,19.8310558270083,19.1414077671034,20.0418088420529,12.4913289364008,6.47739922586292,14.6179134806269,14.0089967708318,27.4198311798182,43.7494261495647
630,19.7059774461861,19.0657105386516,19.9980549434731,12.4125027727885,6.46054267807362,14.6351774742746,13.9246321161257,27.6712814932665,44.0527746723623
631,19.5770169740267,18.9829706542159,19.9390980545904,12.3284442682097,6.43273311283079,14.6597317636409,13.8450563342916,27.9144264392118,44.3546088374153
632,19.4391851814654,18.888230571242,19.8566168057114,12.2344777565501,6.38627891003223,14.6944128959816,13.7691882540866,28.1466480728543,44.6599139263726
633,19.3108694593475,18.7937227266255,19.7640162091329,12.1307828387674,6.33131679581049,14.762527749747,13.7076500218149,28.3799810906973,44.9937856534386
634,19.2046550669257,18.7092444266836,19.6755378476233,12.0219025470367,6.2803486271857,14.8705521334988,13.6655983153596,28.6219705943974,45.3619290727206
635,19.1068495777465,18.6261854329938,19.5841152071971,11.9097063620699,6.22923048038701,14.9960759896597,13.6337537608457,28.863264246885,45.7402434757225
636,19.0037605653564,18.5359355071335,19.4826817738685,11.7960637645791,6.17381843164359,15.1166892606525,13.6028369843982,29.0945097110903,46.104628153948
637,18.8816956033019,18.4298844106804,19.364171033652,11.6828442352762,6.10996855718458,15.2099818888999,13.5635686121422,29.3063546499437,46.4309823989011
638,18.7269622651294,18.299421905212,19.2215164725619,11.5719172548733,6.03353693323914,15.2535438168249,13.5066692702026,29.4894467263753,46.6952055020855
639,18.5432290630095,18.1353642265313,19.0381339584562,11.4601534895293,5.93424891189318,15.2605133052311,13.4465404993407,29.6535398813354,46.8995795257449
640,18.3447035772941,17.9417897059681,18.8129252737659,11.3443822341766,5.81126054220875,15.2573923284764,13.3976255385615,29.8109057908448,47.0670357059993
641,18.1335019838019,17.7299812483898,18.5620527763648,11.2264109126872,5.67457394587926,15.241816399315,13.3507075613554,29.9559687204406,47.2044470951675
642,17.9117404583516,17.5112217586638,18.301678824127,11.108046948933,5.53419124459814,15.2114210305011,13.2965697412128,30.0831529356593,47.3186867455683
643,17.6815351767618,17.2967941416574,18.0479657749262,10.9910977667861,5.4001145600588,15.1638417347889,13.2259952516244,30.1868827020379,47.4166277095202
644,17.4450023148514,17.0979813022381,17.8170759866364,10.8773707901184,5.28234601395463,15.0967140249325,13.1297672660805,30.2615822851131,47.5051430393421
645,17.1944908271723,16.9100022222481,17.5995942743271,10.7728002940584,5.17163275610655,14.9995951614,13.0181134477822,30.3145457917798,47.5768193012414
646,16.9254468564683,16.7209676173195,17.3773471037577,10.6783891089033,5.05494048423557,14.8714363747802,12.9050358444657,30.3551613582596,47.6230937743532
647,16.6446323608451,16.5314979930042,17.1533593088369,10.5885474912784,4.93659914188534,14.7239641330086,12.7869792064237,30.3809942940793,47.6491155803873
648,16.3588092984089,16.342213854854,16.9306557234732,10.497685697809,4.82093867259947,14.5689049040207,12.6603882839489,30.3896099087656,47.6600338410536
649,16.0747396272654,16.1537357084209,16.7122611815753,10.4002139851204,4.7122890199216,14.417985155752,12.521707827334,30.3785735118452,47.6609976780617
650,15.7991853055207,15.9666840592568,16.5012005170519,10.2905426098379,4.61498012739536,14.2829313561379,12.3673825868719,30.345450412845,47.6571562131217
651,15.5143087462361,15.7740642823541,16.29715278622,10.1633932510321,4.53186657673331,14.1432873310796,12.1870578491323,30.2885948664231,47.6396525071362
652,15.2047360585468,15.5713004307889,16.0965512947047,10.0211604774862,4.46030220750954,13.9769440997403,11.978011634034,30.2082977365521,47.5977728940518
653,14.8809247446689,15.3626410272386,15.8975522503769,9.86976388039474,4.39636585005997,13.7931489199487,11.7481377918932,30.1050292467307,47.5338814051439
654,14.5533323068189,15.1523345943806,15.6983118611076,9.71512305095216,4.33613633472052,13.6011490495333,11.5053301730261,29.9792596204572,47.4503420716878
655,14.232416247213,14.9446296548926,15.4969863347678,9.56315758035289,4.27569249182711,13.4101917463227,11.257482627749,29.8314590812302,47.3495189249587
656,13.9286340680675,14.7437747314519,15.2917318792284,9.41978705979136,4.21111315171566,13.2295242681455,11.0124890063781,29.6620978525483,47.2337759962321
657,13.6524432715986,14.554018346736,15.0807047023602,9.29093108046202,4.13847714472207,13.0683938728302,10.7782431592296,29.4716461579099,47.1054773167831
658,13.3961423325139,14.3854780999443,14.8744470675476,9.16850938057626,4.06252521335833,12.9333951203981,10.5299374035003,29.24866783191,46.9472936301608
659,13.1461244021253,14.2382156963265,14.6797474121048,9.04298227761678,3.98937955709058,12.8192720297082,10.2497698114591,28.9889435292511,46.7519763416229
660,12.903988997556,14.1013958176358,14.4891312047972,8.91808023168494,3.91719119168598,12.717496046846,9.95614286603094,28.7037687035924,46.5370104750081
661,12.6713356359289,13.9641831456253,14.2951239143907,8.79753370288208,3.84411113291171,12.6195386178972,9.66745905014052,28.4044388085935,46.3198810541552
662,12.4497638343673,13.8157423620481,14.090251009651,8.68507315130958,3.76829039653491,12.5168711889472,9.40212084671268,28.1022492979137,46.1180731029029
663,12.2408731099941,13.6452381486573,13.8670379593436,8.58442903706877,3.68787999832277,12.4009652060817,9.17853073867222,27.8084956252124,45.9490716450898
664,12.0308353931759,13.4332262867191,13.5984820268288,8.49059225659115,3.58343578606581,12.2579236485567,8.97256984761947,27.4745666281529,45.8037589010765
665,11.812152205774,13.1821843564936,13.2804216923768,8.39791897744686,3.4487083991029,12.0889928015717,8.75654654510964,27.0689195083202,45.6585525199165
666,11.5959174521543,12.9141597382242,12.9396442501186,8.30918756644528,3.30164104052369,11.9083590701264,8.54350418899988,26.6284522652567,45.5092406684881
667,11.3932250366823,12.6511998121546,12.6029369941852,8.22717639039581,3.16017691341787,11.730208859221,8.34648613714731,26.1900628985046,45.3516115136696
668,11.2151688637238,12.4153519585284,12.2970872187076,8.15466381610781,3.0422592208751,11.5687285738554,8.17853574740906,25.7906494076062,45.1814532223396
669,11.0728428376443,12.2286635575893,12.0488822178168,8.09442821039068,2.96583116598506,11.4381046190296,8.05269637764225,25.4671097921038,44.9945539613761
670,10.9408603445253,12.0363007111095,11.8003877617896,8.04230026839148,2.92038502129651,11.2960177045229,7.96662166102355,25.1369557740014,44.7510109397339
671,10.7980492818544,11.7939986309983,11.5016538941097,7.9942460675124,2.88402753040604,11.1119438020935,7.90637689691176,24.7311734791245,44.441719893089
672,10.6618253211065,11.5396583627043,11.1914443187186,7.9532470479455,2.85762360297504,10.9177622097099,7.86762294243724,24.3068725127475,44.1086667784016
673,10.5496041337566,11.3111809516763,10.9085227395577,7.92228464988283,2.84203814866491,10.7453522253404,7.84602065473036,23.9211624801447,43.7938375526321
674,10.4788013912798,11.1464674433629,10.6916528605685,7.90434031351644,2.83813607713705,10.6265931469536,7.83723089092148,23.6311529865904,43.5392181727408
675,10.4668327651509,11.0834188832129,10.5795983856923,7.90239547903839,2.84678229805285,10.5933642725179,7.83691450814097,23.4939536373589,43.386794595688
676,10.4600082989335,11.0634079118543,10.5071571551416,7.88262383253698,2.84424603562027,10.6109239733611,7.82208495955277,23.4656972568721,43.2733294564632
677,10.4167649375143,11.0239676354219,10.4078735808821,7.82583911827866,2.81813186041598,10.6331223532729,7.78632855480776,23.4731154442281,43.1281856552863
678,10.3727087043533,10.9972397976245,10.3186312244858,7.7569828637227,2.78630770165449,10.6747263089149,7.75016543576671,23.5292159667162,42.9822495469634
679,10.3634456229106,11.015366142171,10.2763136475243,7.70099659632839,2.7666414885503,10.7505027369487,7.73411574429038,23.6470065916251,42.8664074863008
680,10.424581716646,11.1104884127705,10.3178044115696,7.682821843555,2.77700115031789,10.8752185340357,7.75869962223955,23.8394950862441,42.8115458281045
681,10.5917230090198,11.3147483531317,10.4799870781933,7.7274001328618,2.83525461617178,11.0636405968376,7.84443721147498,24.1196892178622,42.8485509271807
682,10.9004755234918,11.6602877069636,10.7997452089673,7.85967299170808,2.95926981532645,11.3305358220158,8.01184865385745,24.5005967537683,43.0083091383356
683,11.3179230536872,12.1256892097008,11.2519286271708,8.0512666205428,3.1179418902384,11.6691980339933,8.22979428109341,24.9936771682385,43.2652327941872
684,11.7938636430686,12.6679786903562,11.7872708665762,8.26538999441914,3.28212386144316,12.061087133012,8.46546593477445,25.5876587542165,43.5770371855185
685,12.3379746898524,13.2869625330063,12.4064810544961,8.51435880270264,3.47262047527385,12.5032191294624,8.73688102158897,26.2614525069929,43.9495631043832
686,12.959933592255,13.9824471217275,13.1102683182425,8.81048873475887,3.71023647806358,12.9926100337349,9.06205694822538,26.9939694218583,44.388651342835
687,13.6694177484927,14.7542388405962,13.8993417851279,9.1660954799534,4.01577661614546,13.5262758562198,9.4590111213721,27.7641204941031,44.9001426929275
688,14.476104556782,15.6021440736888,14.7744105824644,9.59349472765179,4.4100456358526,14.1012326073075,9.94576094771753,28.5508167190179,45.4898779467143
689,15.3696970664664,16.5246994124183,15.7324555615783,10.0814465868075,4.8746758662746,14.7192980521263,10.5052792207239,29.3703632310523,46.1520125308342
690,16.3359500644116,17.5214348329169,16.77135735099,10.6128035614212,5.38061367235186,15.3842177573727,11.1120573162169,30.2508844596539,46.8781745381761
691,17.3786185551173,18.5936467963397,17.8931747438027,11.1910199334288,5.93263485419369,16.0958994357893,11.7713905144301,31.1890203426104,47.6704137601687
692,18.5014575430832,19.7426317638419,19.09996653312,11.8195499847665,6.5355152119094,16.8542508001185,12.488574095597,32.1814108177093,48.5307799882409
693,19.7082220328089,20.9696861965789,20.3937915120452,12.5018479973704,7.19403054560828,17.6591795631029,13.2689033399511,33.2246958227385,49.4613230138215
694,21.0026670287942,22.2761065557056,21.7767084736819,13.2413682531767,7.91295665539965,18.5105934374852,14.1176735277261,34.3155152954854,50.4640926283394
695,22.38644550196,23.6620942392948,23.249267563474,14.0398019542496,8.69589207908656,19.4080604270161,15.0377611187732,35.451002765074,51.5385322511538
696,23.8578595766851,25.126768498634,24.8102629371144,14.8957008216952,9.54191134466453,20.351305472884,16.0272105758528,36.6315796521675,52.6824934278148
697,25.4156379876558,26.6698025747012,26.4591194030798,15.8078099160123,10.4490042375316,21.340471693988,17.0840691835625,37.8588177318626,53.8956381390372
698,27.0585094695586,28.2908697084741,28.1952617698466,16.7748742976995,11.4151605430859,22.3757022092272,18.2063842264995,39.134288779256,55.1776283655357
699,28.7852027570796,29.9896431409307,30.0181148458914,17.7956390272556,12.4383700467255,23.4571401375006,19.3922029892613,40.4595645694445,56.5281260880251
700,30.5944465849054,31.7657961130488,31.9271034396909,18.8688491651792,13.5166225338484,24.5849285977072,20.6395727564452,41.8362168775247,57.9467932872203
