"wl","gt_s","gt","g_s","r_s","g","r"
300,20.581213165833,-30.0673812146795,19.6627751906756,35.0775134313542,-5.18340902564326,-13.9918591457623
301,20.8279179191347,-29.8697778072349,19.9554198791426,35.1615038457756,-5.12356157883039,-13.76661627312
302,21.0680575593228,-29.6826620406327,20.2409611128776,35.250368825697,-5.06202080065769,-13.5489380685238
303,21.3014939839058,-29.5068619547016,20.5193388630264,35.3445564443152,-4.99859991189983,-13.3390642729699
304,21.5280890903917,-29.3432055892702,20.790493100735,35.444514774827,-4.93311213333151,-13.1372346274543
305,21.7477047762891,-29.1925209841673,21.0543637971492,35.5506918904291,-4.86537068572741,-12.9436888729731
306,21.9602029391061,-29.0556361792217,21.3108909234148,35.6635358643185,-4.79518878986221,-12.7586667505225
307,22.1663147141115,-28.9328077257306,21.560879255499,35.7845018147445,-4.72133712064007,-12.5819640691549
308,22.3668186844234,-28.8223180774533,21.8050051957812,35.9135484267502,-4.64328915777795,-12.4128140071489
309,22.5616479193235,-28.7220341279116,22.0430161550262,36.0488791237222,-4.56191232926971,-12.2506123593396
310,22.7507354880939,-28.6298227706273,22.2746595439986,36.1886973290474,-4.47807406310925,-12.0947549205619
311,22.9340144600165,-28.5435508991222,22.499682773463,36.3312064661124,-4.39264178729045,-11.944637485651
312,23.1114179043733,-28.4610854069182,22.7178332541841,36.474609958304,-4.30648292980717,-11.799655849442
313,23.2814993342869,-28.389167972465,22.9274742391032,36.6243881856806,-4.21032738531857,-11.6581669840183
314,23.4432964155073,-28.3339475161318,23.1276544540412,36.7850451179716,-4.09888995088163,-11.5202617002579
315,23.5974684462569,-28.2924017943187,23.3191495190822,36.9533195630701,-3.97901540808696,-11.3879365511874
316,23.744674724758,-28.2615085634264,23.5027350543101,37.1259503288697,-3.85754853852521,-11.2631880898334
317,23.8855745492331,-28.2382455798552,23.679186679809,37.2996762232634,-3.741334123787,-11.1480128692224
318,24.0208272179046,-28.2195906000054,23.8492800156627,37.4712360541448,-3.63721694546296,-11.044407442381
319,24.1510920289949,-28.2025213802777,24.0137906819555,37.6373686294069,-3.55204178514371,-10.9543683623359
320,24.2705435025699,-28.2036359184332,24.1719729559471,37.8169511709559,-3.48815300272969,-10.8802007923964
321,24.3765539196277,-28.2330371111239,24.3231513503254,38.0210426506862,-3.44071168204857,-10.8218972916576
322,24.4745792197892,-28.2779600630861,24.468206838316,38.2346545014735,-3.4057876905818,-10.7779855068238
323,24.5700753426755,-28.3256398790564,24.6080203931447,38.4427981561936,-3.37945089581087,-10.7469930845997
324,24.6684982279074,-28.3633116637709,24.7434729880369,38.6304850477224,-3.35777116521724,-10.7274476716898
325,24.7753038151061,-28.3782105219661,24.8754455962184,38.7827266089356,-3.33681836628238,-10.7178769147987
326,24.9127858521446,-28.3746503920768,25.0041748928894,38.9143435943999,-3.31687393175961,-10.723858940768
327,25.087132963105,-28.3635816939831,25.1294172866629,39.0458083212085,-3.29965656039194,-10.7467884267369
328,25.2796434019212,-28.342194254589,25.2513333508837,39.170609566028,-3.28339201864542,-10.7789178448564
329,25.4716154225275,-28.3076779007988,25.3700836588968,39.2822361055245,-3.2663060729861,-10.8124996672776
330,25.644347278858,-28.2572224595165,25.4858287840469,39.3741767163645,-3.24662448988001,-10.8397863661513
331,25.7791372248467,-28.1880177576464,25.598729299679,39.4399201752141,-3.22257303579321,-10.8530304136288
332,25.8572835144278,-28.0972536220924,25.7089457791379,39.4729552587399,-3.19237747719173,-10.844484281861
333,25.9032049092983,-28.0169426628183,25.8264550683175,39.5006278138403,-3.18900461140252,-10.8540205799829
334,25.9450966850169,-27.9669033123223,25.9536462942645,39.5404273713207,-3.23134469490401,-10.90964282856
335,25.9699218663096,-27.9260341313105,26.0792984520536,39.5710582337074,-3.29650868288941,-10.9857998668885
336,25.9646434779023,-27.8732336804888,26.1921905367592,39.5712247035268,-3.36160753055194,-11.0569405342647
337,25.9162245445213,-27.7874005205636,26.2811015434557,39.5196310833052,-3.40375219308483,-11.0975136699851
338,25.8116280908925,-27.6474332122407,26.3348104672178,39.3949816755689,-3.4000536256813,-11.0819681133458
339,25.6555769165481,-27.4538180208283,26.3859559861992,39.2209864754931,-3.33714812335261,-11.0114095990407
340,25.4647733992297,-27.2236914625878,26.4606559478394,39.0291125048891,-3.22757107422473,-10.9079609301287
341,25.2441499309775,-26.9609274746555,26.5379081011413,38.8096996062375,-3.08728207316298,-10.7775965484543
342,24.9986389038314,-26.6693999941676,26.5967101951076,38.5530876220188,-2.93224071503266,-10.6262908958617
343,24.7331727098318,-26.3529829582605,26.6160599787413,38.2496163947135,-2.77840659469907,-10.4600184141955
344,24.4526837410187,-26.0155503040705,26.5749552010452,37.8896257668023,-2.64173930702752,-10.2847535452998
345,24.1082722487586,-25.6457171269474,26.4764389942127,37.451163985348,-2.50798611567708,-10.0739262114932
346,23.6719011099208,-25.236882412942,26.3401425105473,36.9327103650147,-2.35899744625893,-9.81190176696476
347,23.1797966548,-24.8000959352416,26.1699455292175,36.3552513496847,-2.20488763656652,-9.5210578013648
348,22.6681852136907,-24.3464074670338,25.9697278293918,35.7397733832402,-2.05577102439331,-9.22377190434365
349,22.1732931168873,-23.8868667815061,25.7433691902386,35.1072629095637,-1.92176194753275,-8.94242166555165
350,21.7313466946845,-23.4325236518458,25.4947493909264,34.4787063725374,-1.81297474377828,-8.69938467463912
351,21.3314078282433,-22.960701155559,25.2038810794228,33.8210956996299,-1.71121825774679,-8.47117868987229
352,20.9370934217124,-22.4494243149547,24.8583499240352,33.100344116258,-1.59626295201325,-8.22532745336616
353,20.5464623398674,-21.9107958204252,24.4733952344411,32.3358200132263,-1.47516559130827,-7.97071753054426
354,20.1575734474841,-21.3569183623627,24.064256320318,31.5468917813396,-1.35498294036242,-7.71623548683009
355,19.7684856093382,-20.7998946311594,23.6461724913436,30.7529278114027,-1.24277176390632,-7.47076788764717
356,19.3772576902054,-20.2518273172076,23.2343830571955,29.9732964942202,-1.14558882667055,-7.24320129841902
357,18.9819485548615,-19.7248191108995,22.8441273275513,29.2273662205969,-1.07049089338572,-7.04242228456913
358,18.5850096005228,-19.1822727755529,22.4495315915489,28.492450864608,-1.01313573525521,-6.8607926738002
359,18.1881909311859,-18.5969331270735,22.023533248414,27.7380443222035,-0.966376885860514,-6.68656401535064
360,17.7884994717966,-17.9949159347351,21.5795882729563,26.9717850170002,-0.933064753499361,-6.52245745694752
361,17.3829421473007,-17.4023369678114,21.1311526399851,26.2013113726151,-0.916049746469478,-6.37119414631794
362,16.9685258826439,-16.8453119955762,20.6916823243101,25.434261812665,-0.918182273068593,-6.23549523118898
363,16.542257602772,-16.3499567873032,20.2746333007408,24.6782747607668,-0.942312741594435,-6.11808185928773
364,16.0777490317757,-15.9273713775478,19.854928138574,23.9057323161626,-1.02105709659655,-6.04869262439699
365,15.5674723085762,-15.5573815543994,19.4093494727078,23.0985159563873,-1.16420933716708,-6.03718101167337
366,15.0367249803652,-15.2191917174327,18.9541433763528,22.2785131724971,-1.34038695341768,-6.05644050590476
367,14.5108045943341,-14.8920062662227,18.5055559227199,21.4676114555482,-1.51820743545996,-6.079364591879
368,14.0150086976747,-14.5550296003442,18.0798331850199,20.6876982965969,-1.66628827340557,-6.07884675438396
369,13.5746348375783,-14.1874661193721,17.6932212364637,19.9606611866993,-1.75324695736614,-6.0277804782075
370,13.1652316904192,-13.812592034788,17.3453908461456,19.2697803797008,-1.80566765041795,-5.94671576022685
371,12.7517473909035,-13.4600052547146,17.0208104461616,18.5865982288064,-1.8653831130969,-5.87025554543734
372,12.3435786737209,-13.1183927236888,16.7129226042247,17.9153953741118,-1.92388373170407,-5.79237274080398
373,11.9501222735612,-12.7764413862472,16.415169888048,17.2604524557126,-1.9726598925405,-5.70704025329176
374,11.5807749251142,-12.4228381869266,16.1209948653446,16.6260501137046,-2.00320198190727,-5.6082309898657
375,11.2449333630695,-12.0462700702637,15.8238401038277,16.0164689881835,-2.00700038610544,-5.48991785749079
376,10.9496522637737,-11.6462258110661,15.5345539256954,15.4366068050841,-1.97524074205855,-5.34409490583001
377,10.6902491890635,-11.2327891622328,15.2643067751547,14.8851043187912,-1.91089464258085,-5.17214948059675
378,10.4585152018647,-10.8105395354379,15.0070244029317,14.3568567120754,-1.82313140780947,-4.98214443283161
379,10.2462413651027,-10.3840563423552,14.7566325597526,13.8467591677073,-1.72112035788153,-4.78214261357524
380,10.0452187417032,-9.95791899465884,14.5070569963436,13.3497068684575,-1.61403081293416,-4.58020687386826
381,9.84723839459167,-9.53670690402273,14.2522234634309,12.8605949970968,-1.51103209310448,-4.38440006475128
382,9.64409138669374,-9.12499948212087,13.9860577117406,12.3743187363957,-1.42129351852962,-4.20278503726493
383,9.44958525876883,-8.70090616561381,13.713083182452,11.8977806753972,-1.32325415542943,-4.02013024535484
384,9.27795690786404,-8.25022653434217,13.4417486338788,11.4393938093798,-1.1984267197349,-3.82142019898518
385,9.12164143133647,-7.78907521474999,13.1718677924492,10.9963189304671,-1.06059100614982,-3.61504183322432
386,8.97307392654321,-7.33356683328132,12.903254384591,10.5657168307831,-0.923526809377987,-3.40938208314068
387,8.82468949084134,-6.89981601638022,12.6357221367323,10.1447483024515,-0.8010139241232,-3.21282788380263
388,8.66892322158795,-6.50393739049072,12.3690847753011,9.73057413759631,-0.706832145089257,-3.03376617027858
389,8.50197062429918,-6.13722975385724,12.0899487062847,9.30630520854427,-0.643315622455331,-2.86818776988351
390,8.32902860924271,-5.78132091608529,11.7925444832119,8.86699928256552,-0.598864251237372,-2.70693197785607
391,8.15603438090296,-5.4378190206606,11.4881220538221,8.42773749419877,-0.566356443394343,-2.55065843115017
392,7.98892514376434,-5.1083322110689,11.1879313658551,8.00360097798273,-0.538670610885206,-2.40002676671972
393,7.83363810231125,-4.79446863079593,10.9032223670506,7.60967086845612,-0.508685165668926,-2.25569662151862
394,7.69611046102809,-4.49783642332739,10.6452450051481,7.26102830015766,-0.469278519704464,-2.11832763250079
395,7.57559021086632,-4.21731172009705,10.4016398608598,6.94767208587119,-0.424986900969476,-1.98427941569219
396,7.46634538108634,-3.9504363330577,10.15689274567,6.65147791897201,-0.38419832226856,-1.85105082645775
397,7.36684323363603,-3.69681692647363,9.91752145347727,6.375342254886,-0.345568872801096,-1.7210103607598
398,7.27555103046326,-3.45606016460912,9.69004377818003,6.12216154903904,-0.307754641766467,-1.59652651456069
399,7.1909360335159,-3.22777271172845,9.48097751367676,5.894832256857,-0.269411718364051,-1.47996778382277
400,7.11146550474182,-3.01156123209592,9.29684045386592,5.69625083376576,-0.22919619179323,-1.37370266450837
401,7.03832440502385,-2.81259483164121,9.13366014055499,5.53369190971141,-0.187806701690572,-1.27967966041328
402,6.97345774472739,-2.6340004708953,8.98343190346848,5.40803243823764,-0.146771508346475,-1.19685185076114
403,6.91647286002419,-2.47232159602447,8.84662521838043,5.31257236016673,-0.105991131941069,-1.12309459465606
404,6.86697708708598,-2.32410165319498,8.72370956106485,5.24061161632096,-0.0653660926544803,-1.05628325120214
405,6.8245777620845,-2.18588408857309,8.61515440729575,5.18545014752261,-0.0247969106668378,-0.994293179503495
406,6.78888222119149,-2.05421234832507,8.52142923284716,5.14038789459394,0.015815893841731,-0.934999738664228
407,6.7594978005787,-1.92562987861719,8.4430035134931,5.09872479835725,0.0565718006910979,-0.87627828778845
408,6.73675082134408,-1.80791701578914,8.38516644595295,5.07434220029916,0.0978415938796422,-0.824230030476044
409,6.7212099680788,-1.70775962516037,8.34965621874097,5.0800149978638,0.139554459312796,-0.783600753136222
410,6.71284612219437,-1.62005944636681,8.33161579532349,5.10738346580969,0.181147479671011,-0.75023268908709
411,6.71163016510229,-1.53971821904438,8.32618813916682,5.14808787889534,0.222057737634739,-0.719968071646749
412,6.71753297821408,-1.46163768282898,8.32851621373727,5.19376851187929,0.261722315884432,-0.688649134133306
413,6.73052544294125,-1.38071957735654,8.33374298250116,5.23606563952005,0.299578297100541,-0.652118109864862
414,6.75583020779075,-1.30192638609635,8.35395082671232,5.29091344101171,0.336815675300643,-0.610813381015443
415,6.7956058544302,-1.23222842328963,8.39877482425192,5.37284983353564,0.374576326216083,-0.568799958500642
416,6.84522716401209,-1.16953917473022,8.45968698352727,5.47142069883132,0.412225155097974,-0.527360018750916
417,6.9000689176889,-1.11177212621195,8.52815931294573,5.57617191863819,0.449127067197425,-0.48777573819672
418,6.95550589661312,-1.05684076352865,8.59566382091461,5.67664937469571,0.484646967765546,-0.45132929326851
419,7.00691288193723,-1.00265857247414,8.65367251584126,5.76239894874335,0.518149762053449,-0.419302860396743
420,7.06039913473039,-0.95392357094443,8.70861241342892,5.84325663525128,0.547577517993915,-0.391879237841131
421,7.12297634298979,-0.914557901985647,8.77128267386497,5.93319232846909,0.572557576497878,-0.367969334359457
422,7.19137292825998,-0.881311239116818,8.83971352228296,6.02795275980531,0.594982752283672,-0.346947492129282
423,7.26231731208549,-0.850933255856969,8.91193518381642,6.12328466066847,0.61674586006963,-0.328188053328169
424,7.33253791601088,-0.820173625725128,8.98597788359889,6.21493476246709,0.639739714574088,-0.311065360133679
425,7.39876316158068,-0.78578202224032,9.05987184676389,6.29864979660971,0.66585713051538,-0.294953754723374
426,7.45633218910627,-0.752659727686314,9.12702578070827,6.37324498645716,0.689574667264774,-0.283480712657324
427,7.50590434138956,-0.726172899821309,9.18594539910109,6.44211811383126,0.706563022375555,-0.278859234747578
428,7.55218834371089,-0.703768525375979,9.24230643648421,6.50788974783209,0.720506217839084,-0.278341951049668
429,7.59989292135061,-0.682893591080999,9.3017846273995,6.57318045755969,0.735088275646721,-0.279181491619127
430,7.65372679958904,-0.660995083667045,9.37005570638881,6.64061081211413,0.753993217789824,-0.278630486511487
431,7.71839870370652,-0.635519989864791,9.45279540799402,6.71280138059547,0.780905066259754,-0.273941565782279
432,7.79861735898339,-0.603915296404912,9.55567946675699,6.79237273210375,0.819507843047871,-0.262367359487036
433,7.88272449415124,-0.572377756581005,9.65963361483617,6.86653953796189,0.867677662064951,-0.249449212890618
434,7.96100335033156,-0.546130295993393,9.75074487208251,6.92706070643586,0.920619198766041,-0.240587526132259
435,8.04107492138958,-0.521159159832843,9.84243090457664,6.98337316204034,0.978009317458909,-0.232823511579055
436,8.1305602011905,-0.493450593290122,9.94810937839916,7.04491382929001,1.03952488245132,-0.223198381598101
437,8.23708018359956,-0.458990841555998,10.0811979596307,7.12111963269956,1.10484275805105,-0.208753348556491
438,8.36825586248195,-0.413766149821237,10.2551143143519,7.22142749678366,1.17363980856586,-0.186529624821319
439,8.5337703803179,-0.354047061487948,10.4697808196699,7.34884343921522,1.25516053047172,-0.151603631587352
440,8.73030339858914,-0.282128718426854,10.712700321135,7.495858773056,1.35345006226692,-0.104501991314907
441,8.94597068966322,-0.203034263531641,10.9786611874922,7.65613836590394,1.46038623129269,-0.050441218269415
442,9.16888802590767,-0.121786839695994,11.2624517874863,7.82334708535698,1.56784686489028,0.00536217328369622
443,9.38717117969002,-0.0434095898135985,11.5588604898624,7.99114979901308,1.66770979040092,0.0576916690789977
444,9.5889359233778,0.0270743432218588,11.8626756633654,8.15321137447016,1.75185283516586,0.101330754851061
445,9.80537356241575,0.0969204596112765,12.2176098364751,8.33736008986033,1.83292222175349,0.147720158025088
446,10.0607389793783,0.173823121630545,12.6462301489544,8.56077793593623,1.92400796930795,0.206168014726011
447,10.3327433123277,0.253417479498467,13.1116068864732,8.8011603492266,2.01765360003406,0.268258923737994
448,10.5990976993261,0.331338683433846,13.576810334701,9.03620276626021,2.10640263613666,0.325577483845199
449,10.8375132784357,0.403221883655485,14.0049107793076,9.24360062356581,2.1827985998206,0.369708293831792
450,11.0257011877186,0.464702230382186,14.3589785059628,9.40104935767215,2.23938501329072,0.392235952481936
451,11.1772002246471,0.522146447187954,14.6795598481067,9.52472078602936,2.27786756135382,0.398329358923974
452,11.3192227227111,0.583051071507824,15.0207657483507,9.64352084763833,2.30610058324104,0.398752196589027
453,11.4499901239997,0.644745974352138,15.3660134061212,9.75424616135397,2.3258505827937,0.393481240715423
454,11.5677238706019,0.704561026731243,15.6987200208447,9.8536933460312,2.33888406385313,0.382493266541491
455,11.6706454046067,0.759826099655483,16.0023027919476,9.93865902052493,2.34696753026065,0.365765049305561
456,11.7569761681032,0.807871064135202,16.2601789188563,10.0059398036901,2.35186748585759,0.343273364245961
457,11.8249376031804,0.846025791180744,16.4557656009971,10.0523323143816,2.35535043448527,0.314994986601019
458,11.856253093857,0.872591097693099,16.5749633382687,10.0571369709849,2.34791572456785,0.267544750003454
459,11.8447991931623,0.889118376162654,16.6287801813114,10.0145108810087,2.32343196351083,0.194979318567026
460,11.8070270967012,0.897813360983856,16.6382946556648,9.943535696992,2.28871954362762,0.108438213251626
461,11.7593880000784,0.900881786551152,16.6245852868685,9.86329307147414,2.25059885723159,0.0190609550171465
462,11.718333098899,0.90052938725899,16.608730600462,9.79286465699433,2.21589029663613,-0.0620129351765219
463,11.7003135887675,0.898961897501816,16.6118091219848,9.75133210609181,2.19141425415462,-0.123643936369487
464,11.685311372585,0.884459738371644,16.5904305771771,9.71796568531962,2.16971650813662,-0.176420685983734
465,11.6495410947431,0.850664092113745,16.5062660086954,9.66612043623052,2.14156153445318,-0.235249441887573
466,11.6038030630834,0.807821834852454,16.387985917454,9.60600517386331,2.1110977717,-0.295467113790603
467,11.5588975854471,0.766179842712101,16.2642608043671,9.54782871325676,2.08247365847272,-0.352410611402424
468,11.5256249696757,0.735984991817021,16.1637611703491,9.50179986944964,2.05983763336701,-0.401416844432634
469,11.5147855236105,0.727484158291546,16.1151575163142,9.47812745748075,2.04733813497855,-0.437822722590831
470,11.5221171214625,0.727448738431375,16.1032856047698,9.47278607876012,2.03933625241931,-0.467025084433317
471,11.5356540491558,0.719874111134746,16.0947739346305,9.47453454069556,2.02916522316125,-0.495721264440565
472,11.5546412321015,0.710843126429802,16.0909821114216,9.48275796732245,2.01943170834002,-0.521198916208426
473,11.5783235957111,0.706438634344685,16.0932697406682,9.49684148267621,2.0127423690913,-0.540745693332756
474,11.6059460653957,0.71274348490754,16.1029964278954,9.51617021079222,2.01170386655073,-0.551649249409408
475,11.6367535665666,0.735840528146509,16.1215217786284,9.54012927570589,2.01892286185397,-0.551197238034235
476,11.6768614601532,0.784417951486364,16.1599812755306,9.5760880492558,2.04078355772403,-0.529640037342007
477,11.7298155867754,0.857613761112559,16.2226567764789,9.62822874372598,2.07822323702454,-0.484578995838001
478,11.7910065913804,0.947185535194259,16.3006274498184,9.69115574382002,2.1256781811021,-0.424328222673833
479,11.8558251189152,1.04489085190063,16.3849724638943,9.7594734342415,2.17758467130333,-0.357201827001117
480,11.9196618143268,1.14248728940085,16.4667709870519,9.82778619969402,2.22837898897483,-0.291513917971469
481,11.9779073225624,1.23173242586407,16.5371021876362,9.89069842488116,2.2724974154632,-0.235578604736505
482,12.0259522885689,1.30438383945946,16.5870452339924,9.94281449450651,2.30437623211505,-0.197709996447839
483,12.0577191500987,1.36881257365946,16.6106027507521,9.98485928533141,2.32205409357061,-0.168320167506923
484,12.0756374666001,1.43665054659841,16.6145669550281,10.0224498998516,2.33032760391446,-0.135277207438914
485,12.0878585655641,1.50454664843831,16.6092014038877,10.0575290613723,2.33376996865981,-0.103079248080993
486,12.1025337744819,1.56914976934117,16.6047696543981,10.0920394931987,2.33695439331984,-0.0762244212703398
487,12.1278144208443,1.627108799469,16.6115352636267,10.1279239186359,2.34445408340773,-0.0592108588441332
488,12.1718518321425,1.67507262898381,16.6397617886405,10.1671250609891,2.36084224443667,-0.056536692639553
489,12.2187079805051,1.69472046105475,16.6688574347169,10.1981601220917,2.37193614793283,-0.0733708857572271
490,12.253922420541,1.68201729510884,16.6805892445438,10.2151540421377,2.36787307215884,-0.106739003196245
491,12.287862853462,1.65504071569495,16.6887590313051,10.2284611519733,2.35970623273257,-0.14892407964148
492,12.3308969804795,1.63186830736191,16.7071686081845,10.2484357824448,2.35848884527192,-0.192209149777803
493,12.3933925028053,1.63057765465859,16.7496197883659,10.2854322643984,2.37527412539477,-0.228877248290088
494,12.485717121651,1.66924634213384,16.829914385033,10.3498049286805,2.42111528871899,-0.251211409863207
495,12.6062996898455,1.73768783758572,16.94796945042,10.4380052637025,2.49587589298568,-0.269737895602177
496,12.7441851558179,1.81377553353506,17.0899153135576,10.5374038394729,2.5880791145099,-0.297475866789373
497,12.8956653641797,1.89767690161486,17.2488737028245,10.6447336092335,2.69176759677055,-0.330447708375699
498,13.0570321595426,1.98955941345808,17.4179663465993,10.7567275262259,2.80098398324649,-0.364675805312061
499,13.2245773865181,2.08959054069773,17.5903149732607,10.870118543692,2.90977091741662,-0.396182542549364
500,13.394592889718,2.19793775496677,17.7590413111875,10.9816396148735,3.0121710427598,-0.420990305038514
501,13.5778195912836,2.32084210041626,17.9451971476917,11.1033734903565,3.11966093533874,-0.437605578443174
502,13.7837598625948,2.46160566863077,18.1662144917797,11.2451846452118,3.24417269557333,-0.448068699616047
503,14.0068477221204,2.61598750239361,18.4097854043713,11.4004786194077,3.38043225347832,-0.453702830291599
504,14.2415171883293,2.77974664448805,18.6636019463864,11.5626609529127,3.52316553906843,-0.455831132204292
505,14.4822022796904,2.94864213769738,18.9153561787446,11.7251371856952,3.66709848235841,-0.455776767088592
506,14.7233370146726,3.11843302480488,19.1527401623658,11.8813128577236,3.80695701336298,-0.454862896678961
507,14.9593554117448,3.28487834859385,19.3634459581699,12.0245935089663,3.93746706209688,-0.454412682709865
508,15.2032355028773,3.4527454733882,19.5517074195079,12.1634309085819,4.05778364216731,-0.452696321998873
509,15.4649884124394,3.62846524344514,19.7311807876178,12.3075417839783,4.17239004740302,-0.447994044464564
510,15.7345977974986,3.81029192144795,19.9036917052496,12.4522291124985,4.28400462815101,-0.44164406149292
511,16.0020473151223,3.99647977007989,20.0710658151535,12.592795871485,4.39534573475829,-0.434984584469923
512,16.2573206223779,4.1852830520242,20.2351287600795,12.7245450382808,4.5091317175719,-0.429353824781554
513,16.4904013763329,4.37495602996415,20.3977061827778,12.8427795902286,4.62808092693882,-0.426089993813795
514,16.7157951598843,4.57101366748362,20.559312234823,12.9436103099625,4.75005215605131,-0.427001643468203
515,16.94995541995,4.77681887955876,20.7187914128713,13.0298787334247,4.8715887268665,-0.431763558994071
516,17.1857876096287,4.98739785596123,20.8754648772949,13.1069839679206,4.99343578287879,-0.438513301798987
517,17.416197182019,5.19777678646269,21.028653788466,13.1803251207554,5.11633846758255,-0.445388433290537
518,17.6340895902196,5.4029818608348,21.177679306757,13.2553012992344,5.24104192447219,-0.450526514876309
519,17.8323702873292,5.59803926884922,21.3218625925401,13.3373116106629,5.36829129704208,-0.45206510796389
520,18.0154501973285,5.80151054030546,21.4719164410812,13.4328543420742,5.51580238427895,-0.441988299117085
521,18.1915925915361,6.02661092349479,21.6329746071094,13.5400843657851,5.69072549228454,-0.418153196108594
522,18.3594814440577,6.26034718592657,21.795989690192,13.6518856670254,5.87795752522576,-0.387506892159352
523,18.517800728999,6.48972609511018,21.9519142898963,13.7611422310249,6.06239538726954,-0.35699648049029
524,18.6652344204657,6.70175441855496,22.0917010057894,13.8607380430136,6.22893598258279,-0.333569054322344
525,18.8004664925634,6.88343892377028,22.2063024374385,13.9435570882212,6.36247621533243,-0.324171706876445
526,18.9120697244614,7.03692063778232,22.3008264396775,14.0067730481584,6.47015914665973,-0.331587745813345
527,18.9955849053546,7.17464625547055,22.3859390082131,14.0548443758053,6.56865118154691,-0.351318343823875
528,19.0601480243867,7.29908104612427,22.4609299539217,14.0915822135964,6.65713423992229,-0.379387391674088
529,19.1148950707019,7.41269027903277,22.5250890876802,14.120797703966,6.73479024171419,-0.411818780130037
530,19.1689620334439,7.51793922348533,22.577706220365,14.1463019893486,6.80080110685092,-0.444636399957774
531,19.2314849017568,7.61729314877124,22.6180711628528,14.1719062121783,6.85434875526081,-0.473864141923354
532,19.3115996647844,7.7132173241798,22.6454737260203,14.2014215148897,6.89461510687216,-0.495525896792827
533,19.4082100663811,7.79588714593109,22.6451230829838,14.2274472934607,6.90898831248953,-0.510675838539124
534,19.5115386785404,7.8588651719183,22.611725240275,14.2436738737235,6.893729777634,-0.523570259980285
535,19.6176997326155,7.90969741394034,22.5588152588936,14.2555487928943,6.86133130430872,-0.535036230150028
536,19.7228074599595,7.95592988379614,22.4999281998392,14.268519588189,6.82428469451684,-0.545900818082073
537,19.8229760919255,8.00510859328462,22.4485991241115,14.2880337968237,6.79508175026148,-0.556991092810137
538,19.9143198598666,8.0647795542047,22.4183630927102,14.3195389560143,6.7862142735458,-0.56913412336794
539,19.9982981912914,8.12484248009323,22.3853478441514,14.3477141224013,6.77624216353747,-0.585493816299531
540,20.0790850565102,8.17391736635975,22.3265550835357,14.3603388921886,6.74379001608415,-0.606752250769236
541,20.1568665010793,8.21763064761226,22.2568308217393,14.367511611937,6.70144667820894,-0.630013754741188
542,20.2318285705548,8.26160875845874,22.1910210696384,14.3793306282076,6.66180099693491,-0.652382656179524
543,20.3041573104928,8.31147813350718,22.1439718381092,14.4058942875613,6.63744181928517,-0.670963283048379
544,20.3740387664496,8.37286520736557,22.130529138028,14.4573009365591,6.64095799228281,-0.682859963311887
545,20.4443453801257,8.4399761593997,22.1478684196207,14.5314103800954,6.66744847493699,-0.693850837675514
546,20.5163074993469,8.50514728158455,22.1806201259024,14.6181482653865,6.70325942384796,-0.708796105741722
547,20.5876480288571,8.57120017744187,22.2248127569332,14.7157117024763,6.74785048242542,-0.723423183820137
548,20.6560898734,8.6409564504934,22.2764748127731,14.8222978014083,6.80068129407908,-0.733459488220387
549,20.7193559377194,8.71723770426089,22.3316347934821,14.9361036722263,6.86121150221862,-0.734632435252099
550,20.7751691265593,8.80286554226608,22.3863211991203,15.055326424974,6.92890075025376,-0.722669441224899
551,20.8214929161762,8.90124747642914,22.4517931566148,15.1886383271711,7.00863484491885,-0.696569315429396
552,20.859386937468,9.01143399485137,22.537685190822,15.3419785171361,7.10356511846266,-0.659900601724505
553,20.8912183271403,9.12971116532622,22.6375888986956,15.5094444111108,7.21054950256651,-0.615245318272319
554,20.9193542218989,9.25236505564711,22.7450958771896,15.6851334253369,7.32644592891169,-0.565185483234928
555,20.9461617584496,9.3756817336075,22.8537977232576,15.8631429760559,7.44811232917951,-0.512303114774425
556,20.9740080734981,9.49594726700082,22.9572860338534,16.0375704795097,7.57240663505127,-0.4591802310529
557,21.00526030375,9.60944772362051,23.0491524059307,16.2025133519399,7.69618677820829,-0.408398850232445
558,21.0399214220252,9.73179675755112,23.1404304455116,16.3705123650774,7.82953313446512,-0.346624854224201
559,21.0755125181373,9.87333486937495,23.241886670192,16.5528029086533,7.97932188838183,-0.265581930435992
560,21.1106779042832,10.0224383966321,23.3467120442863,16.7415243259094,8.137604684758,-0.175438805274931
561,21.1440618926598,10.1674836768627,23.448097532109,16.9288159600875,8.29643316839323,-0.0863642051481333
562,21.1743087954639,10.2968470476068,23.5392340979747,17.1068171544294,8.4478589840871,-0.00852685646271254
563,21.2000629248924,10.3989048464046,23.6133127061979,17.2676672521771,8.5839337766392,0.0479045143742169
564,21.2218109644202,10.4813205629636,23.6795049870225,17.4218525912454,8.71939941137987,0.0867088868856626
565,21.240973444744,10.5583603378296,23.7481005417811,17.5811852759591,8.86842644871382,0.119175304848766
566,21.2575954488932,10.6283044847995,23.8139672914212,17.7397932991749,9.02220957605221,0.146400138237612
567,21.2717220598973,10.6894333176704,23.8719731568904,17.8918046537494,9.1719434808062,0.169479757026289
568,21.2833983607857,10.7400271502395,23.9169860591361,18.0313473325393,9.30882285038694,0.18951053118888
569,21.2926694345879,10.7783662963037,23.9438739191059,18.1525493284014,9.42404237220558,0.207588830699473
570,21.2984367854504,10.8007687631785,23.9510194731544,18.2528381771935,9.51628893595805,0.214441517218022
571,21.3003131584693,10.8073182030696,23.9430237822469,18.3368083135478,9.59320244184581,0.204990111839821
572,21.2994104980976,10.8019433971102,23.9240822542468,18.4093380784822,9.65940709303833,0.186622973691961
573,21.2968407487884,10.7885731264333,23.8983902970175,18.4753058130144,9.71952709270507,0.166728461901534
574,21.2937158549949,10.7711361721718,23.8701433184223,18.5395898581625,9.77818664401548,0.152694935595632
575,21.2911477611703,10.7535613154588,23.8435367263248,18.6070685549443,9.84000995013904,0.151910753901347
576,21.2885705927728,10.7257194377514,23.8040744942996,18.6678059460825,9.8929861182174,0.157501926927489
577,21.2842770001719,10.6788061555829,23.7401229198871,18.7121095740721,9.92690389660623,0.159066687550901
578,21.277666715187,10.6187373527006,23.6601708968994,18.74522302959,9.94908695029605,0.158701729050721
579,21.2681394696373,10.5514289128519,23.5727073191481,18.7723899033127,9.96685894427735,0.158503744706087
580,21.2550949953424,10.4827967197843,23.4862210804453,18.7988537859169,9.98754354354064,0.160569427796139
581,21.2379330241217,10.4187566572449,23.4092010746028,18.8298582680792,10.0184644130764,0.166995471600015
582,21.2160532877945,10.3652246089813,23.3501361954325,18.8706469404765,10.0669452178752,0.179878569396853
583,21.1893683469742,10.312267655052,23.300309473035,18.9148291223402,10.1351545834417,0.196896255898761
584,21.1590390071275,10.2501071574186,23.2480042625065,18.9547547884793,10.2165377973281,0.215542516755935
585,21.1263373673536,10.184890422683,23.1972099451524,18.9937785129356,10.3053335175964,0.23763872165465
586,21.0925355267517,10.1227647574474,23.1519159022784,19.0352548697513,10.3957804023083,0.265006240281182
587,21.058905584421,10.0698774683137,23.1161115151899,19.0825384329685,10.4821171095256,0.299466442321806
588,21.0267196394608,10.0323758618838,23.0937861651924,19.1389837766291,10.5585822973103,0.342840697462797
589,20.9976655722587,10.0106059143624,23.0933323416147,19.2136587088294,10.6377374071569,0.39505538669147
590,20.9709801867884,9.99851316033911,23.1142987834887,19.3069826560798,10.7304946171626,0.453898825543224
591,20.9442589675284,9.99264424399365,23.1474092466743,19.409337620044,10.8286186902927,0.517985285526456
592,20.915097398957,9.98954580950578,23.1833874870318,19.5111056023855,10.9238743895127,0.585929038149562
593,20.8810909655528,9.98576450105524,23.212957260421,19.6026686047679,11.0080264777882,0.656344354920942
594,20.8398351517939,9.97784696282175,23.2268423227022,19.6744086288549,11.0728397180844,0.727845507348991
595,20.789263746871,9.97698447442776,23.2332410516441,19.7341123584626,11.1188475735217,0.805891191672146
596,20.7308114571,9.99131376000199,23.2441601759463,19.7942467969533,11.1538711389856,0.89429420378378
597,20.667325142648,10.0127996304836,23.2560359778649,19.8522144253101,11.1806066250896,0.989199964674705
598,20.6016516636821,10.0334068968119,23.2653047396558,19.9054177245158,11.2017502424471,1.08675389533573
599,20.5366378803693,10.0451003699259,23.2684027435751,19.9512591755535,11.2199982016715,1.18310141675766
600,20.4751306528766,10.0398448607649,23.2617662718789,19.9871412594061,11.2380467133763,1.27438794993132
601,20.4098177466919,10.0148342786823,23.2427724841719,20.0063722881332,11.2454639584143,1.35707478865745
602,20.3348016933215,9.97623201776673,23.2139024926344,20.0082989399485,11.2349308769303,1.43309653804665
603,20.2550515019602,9.92945711606017,23.1792485083855,19.9993812450662,11.2138128184758,1.50680858605448
604,20.1755361818029,9.87992861160456,23.1429027425442,19.9860792337005,11.1894751326024,1.58256632063649
605,20.1012247420444,9.83306554244184,23.1089574062296,19.9748529360655,11.1692831688615,1.66472512974824
606,20.0370861918796,9.79428694661398,23.0815047105608,19.9721623823754,11.1606022768046,1.7576404013453
607,19.9880895405034,9.76901186216292,23.0646368666569,19.9844676028443,11.1707978059833,1.8656675233832
608,19.9517503420454,9.74794839458221,23.0530374277626,20.0071661594751,11.2004681366239,1.98934681543248
609,19.9212706836363,9.72099089261694,23.0394115103941,20.0308846420596,11.241746271912,2.12388589809197
610,19.8951493739717,9.69233775918639,23.024883670578,20.0549266224952,11.2892994958385,2.26564111085972
611,19.8718852217477,9.66618739720982,23.010578464341,20.0785956726794,11.3377950923941,2.41096879323377
612,19.8499770356602,9.6467382096065,22.9976204477099,20.1011953645097,11.3819003455694,2.55622528471217
613,19.8279236244049,9.63818859929571,22.9871341767111,20.1220292698834,11.4162825393552,2.69776692479298
614,19.8156970008255,9.65031061937407,22.9858513300721,20.1471562568108,11.4513337974361,2.84708024080511
615,19.8192095586569,9.68352111699874,22.9961077869372,20.180389193268,11.4967964553882,3.01263414342482
616,19.8308706779316,9.72798568617975,23.0124344039586,20.217662651102,11.5463631150387,3.1862585471712
617,19.843089738682,9.77386992092716,23.0293620377883,20.2549112021598,11.5937263782151,3.35978336656333
618,19.8482761209407,9.81133941525101,23.0414215450786,20.2880694182882,11.6325788467447,3.52503851612029
619,19.8388392047402,9.83055976316134,23.0431437824816,20.3130718713342,11.656613122455,3.67385391036116
620,19.8164681016108,9.84702086114457,23.0361697026589,20.3314846466632,11.6644046659646,3.81123482530613
621,19.7892571423817,9.87672568333381,23.0263148752016,20.347789726307,11.6613791648212,3.94735071987178
622,19.7592235360333,9.91060944020918,23.0143720821559,20.3622955271117,11.6515045612451,4.08177778292174
623,19.7283844915461,9.93960734225082,23.001134105568,20.3753104659234,11.6387487974568,4.21409220331964
624,19.6987572179006,9.95465459993884,22.9873937274843,20.3871429595881,11.6270798156768,4.34387016992913
625,19.6723589240772,9.94668642375337,22.973943729951,20.398101424952,11.6204655581255,4.47068787161382
626,19.6493914537276,9.91633887104843,22.9612167181012,20.4106956705266,11.6161090617893,4.59312749948346
627,19.6277717788617,9.87192805319899,22.9485709141703,20.4256410588838,11.6088782195997,4.71047380686664
628,19.6060898009967,9.81590926171668,22.9351875258573,20.4405543379605,11.5992382576952,4.82335682595537
629,19.5829354216502,9.75073778811311,22.9202477608613,20.4530522556936,11.587654402214,4.93240658894162
630,19.5568985423397,9.67886892389988,22.9029328268815,20.4607515600197,11.5745918792947,5.03825312801737
631,19.5265690645826,9.6027579605886,22.882423931617,20.4612689988758,11.5605159150756,5.14152647537462
632,19.4905368898964,9.52486018969089,22.8579022827669,20.4522213201987,11.5458917356951,5.24285666320534
633,19.4678494326937,9.44826368739033,22.8448583383106,20.4526508901056,11.5526945008889,5.36109954187376
634,19.4682057609331,9.37176692196456,22.8506159190417,20.4733198215879,11.5895055612418,5.50370880980784
635,19.4761732564511,9.2913907730663,22.8621062768815,20.4994244828945,11.6366994291656,5.65421127129517
636,19.4763193010839,9.20315612034826,22.8662606637509,20.5161612422737,11.6746506170721,5.79613373062333
637,19.4532112766681,9.10308384346313,22.850010331571,20.5087264679742,11.6837336373731,5.91300299207991
638,19.3914165650399,8.98719482206363,22.8002865322629,20.4623165282446,11.6443230024805,5.9883458599525
639,19.2873585862035,8.84039514609043,22.7124973232515,20.3654627670477,11.5584627016034,6.01440791975215
640,19.1541525669661,8.66044257453245,22.5972840649976,20.2272617228961,11.4460710992213,6.00383235454809
641,19.0014035993691,8.46263549061478,22.4644279639756,20.0637575558627,11.3143342706516,5.97074236496511
642,18.8387167754533,8.26227227756253,22.3237102266601,19.8909944260203,11.1704382912114,5.92926115162801
643,18.67569718726,8.07465131860077,22.1849120595255,19.725016493442,11.0215692362181,5.89351191516161
644,18.5219499268303,7.91507099695461,22.0578146690464,19.5818679182008,10.8749131809887,5.87761785619069
645,18.3542258285782,7.77313843272839,21.9294342591914,19.4412942732427,10.7063827484836,5.86252174872758
646,18.1536929838513,7.62971399781343,21.7847646008498,19.2795664272327,10.4987050439072,5.82648286248204
647,17.9365823700913,7.48697595311531,21.630553250877,19.1075164838214,10.2692878659431,5.77959914162501
648,17.7191249647397,7.34710255953959,21.4735477661286,18.9359765466597,10.035539013275,5.73196853032746
649,17.5175517452382,7.21227207799182,21.3204957034603,18.7757787193983,9.81486628458658,5.69368897276033
650,17.3480936890282,7.08466276937757,21.1781446197275,18.637755105688,9.62467747856139,5.67485841309458
651,17.2088768180927,6.9702477841801,21.0483938322356,18.5248510824302,9.45645890786344,5.68274334235445
652,17.0836717168559,6.86969900458986,20.9259234333671,18.4281078159578,9.29002464501902,5.71115860110922
653,16.9671762064215,6.77724278907317,20.8066521425932,18.3405010940684,9.12527412850534,5.75002465784738
654,16.8540881078934,6.68710549609638,20.6864986793853,18.25500670456,8.96210679679957,5.78926198105745
655,16.7391052423752,6.59351348412582,20.5613817632148,18.1646004352303,8.80042208837891,5.81879103922792
656,16.6169254309707,6.49069311162781,20.4272201135529,18.0622580738771,8.64011944172053,5.82853230084731
657,16.4822464947837,6.3728707370687,20.279932449871,17.9409554082982,8.48109829530163,5.80840623440411
658,16.3402628570455,6.24335342364966,20.1196812434405,17.8065136525044,8.3334060717893,5.76876798554496
659,16.1998074279409,6.11057926320934,19.9513927189129,17.6697802688006,8.20198765354356,5.7258934778552
660,16.0610357590038,5.97647115717026,19.7781312258294,17.5312704174256,8.07908866858104,5.67858434673145
661,15.9241034017683,5.84295200695493,19.6029611137316,17.3914992586185,7.95695474491834,5.62564222757029
662,15.7891659077682,5.71194471398587,19.4289467321609,17.2509819526183,7.82783151057207,5.56586875576831
663,15.6563788285376,5.58537217968562,19.2591524306587,17.1102336596638,7.68396459355884,5.49806556672212
664,15.5021258330583,5.43928254900017,19.0619096835408,16.9378911160497,7.50434395033221,5.38813434604136
665,15.3154159420325,5.26031291065303,18.8202876163525,16.7193264407667,7.28684547862505,5.22130472437835
666,15.1153427345738,5.06626958173296,18.5594570554798,16.4801578680981,7.05204371837296,5.02537025469367
667,14.9209997897963,4.87495887932868,18.3045888273084,16.246003632327,6.82051320951151,4.82812448994794
668,14.7514806868138,4.70418712052896,18.0808537582243,16.0424819677366,6.61282849197631,4.65736098310173
669,14.6258790047401,4.57176062242252,17.9134226746134,15.8952111086101,6.44956410570294,4.54087328711564
670,14.5071901308496,4.43962830426021,17.7534754086346,15.7593568285132,6.27741749832868,4.43433438747293
671,14.3621723772564,4.27636728532952,17.5574904738739,15.5925228176357,6.05512410342741,4.29397839326585
672,14.2155637103342,4.1097261827742,17.3585867188573,15.4239841851965,5.82131543983962,4.14844054286852
673,14.0921020964568,3.96745361373802,17.1898829921111,15.2830160404147,5.61462302640578,4.02635607465503
674,14.0165255019979,3.87729819536472,17.0844981421612,15.1988934925092,5.47367838196638,3.95636022699948
675,14.0135718933312,3.86700854479806,17.0755510175337,15.2008916506992,5.4371130253619,3.96708823827599
676,14.0727158703888,3.91426168093169,17.1558297324017,15.2813784092268,5.47834770303909,4.03836422301225
677,14.1666798157348,3.98282569477278,17.2914416742154,15.4101295009574,5.54939316738885,4.13427909535121
678,14.295073369691,4.07958581163539,17.4754846014166,15.582531793045,5.65676594616793,4.2598682930898
679,14.4575061725792,4.21142725683352,17.7010562724475,15.7939721526432,5.80698256713307,4.42016725402497
680,14.6535878647212,4.38523525568122,17.9612544457499,16.0398374469057,6.00655955804099,4.62021141595365
681,14.8829280864387,4.60789503349252,18.2491768797659,16.3155145429865,6.26201344664845,4.86503621667279
682,15.1451364780535,4.88629181558144,18.5579213329374,16.6163903080392,6.57986076071216,5.15967709397933
683,15.4502343899228,5.22815177383619,18.9106617556229,16.9627992107694,6.97167120236257,5.51408252257267
684,15.8012845178674,5.6277167382718,19.3221130505547,17.3657527666758,7.43336928335064,5.92540705826491
685,16.1874585204046,6.07164542139259,19.7726844047357,17.8066534131028,7.94800374586395,6.37949526052208
686,16.5979280560517,6.54659653570287,20.2427850051685,18.2669035873944,8.49862333209004,6.86219168881018
687,17.0218647833261,7.03922879370694,20.7128240388561,18.7279057268947,9.06827678421648,7.35934090259523
688,17.448440360745,7.53620090790911,21.163210692801,19.1710622689479,9.64001284443083,7.85678746134325
689,17.8861404931896,8.04808246307367,21.6106309760117,19.6115984474223,10.227477696545,8.36520619622943
690,18.3495174756504,8.59289624593005,22.0819537437994,20.0747979941374,10.8535469141002,8.90331668005515
691,18.8368428518092,9.16848077193034,22.5728624526211,20.5571510933635,11.5151133238776,9.46903058472565
692,19.3463881653474,9.77267455652658,23.0790405589337,21.0551479293712,12.2090697526587,10.0602595821461
693,19.8764249599468,10.4033161151709,23.5961715191943,21.5652786864309,12.9323090272247,10.6749153442219
694,20.4252247792888,11.0582439633152,24.1199387898598,22.084033548813,13.6817239743569,11.3109095428581
695,20.9912065343302,11.7352248988715,24.6474105307528,22.6087192446455,14.4548818259298,11.9663269505148
696,21.5744904535756,12.4341903219713,25.1797161219592,23.1399979470357,15.2523390487125,12.6413244653018
697,22.1759000570277,13.1562256513969,25.7186308503312,23.6793930077228,16.0754723218282,13.3369219475996
698,22.7962588646899,13.9024163059303,26.2659300027209,24.2284277784461,16.9256583244,14.0541392577885
699,23.436390396565,14.6738477043536,26.8233888659803,24.7886256109449,17.8042737355511,14.7939962562489
700,24.0971181726561,15.4716052654488,27.3927827269615,25.3615098569585,18.7126952344046,15.5575128033611
